Project Name,Package Name,Type Name,Code Smell
forkassn3,de.hysky.skyblocker.config.datafixer,ConfigFix2QuickNav,Unutilized Abstraction
forkassn3,de.hysky.skyblocker.config.datafixer,ConfigFix2QuickNav,Broken Hierarchy
forkassn3,de.hysky.skyblocker.config.datafixer,ConfigDataFix,Unutilized Abstraction
forkassn3,de.hysky.skyblocker.config.datafixer,ConfigSchema,Unutilized Abstraction
forkassn3,de.hysky.skyblocker.config.datafixer,ConfigDataFixer,Deficient Encapsulation
forkassn3,de.hysky.skyblocker.config.datafixer,ConfigDataFixer,Cyclic-Dependent Modularization
forkassn3,de.hysky.skyblocker.config.datafixer,ConfigFix1,Unutilized Abstraction
forkassn3,de.hysky.skyblocker.config.datafixer,ConfigFix1,Broken Hierarchy
forkassn3,de.hysky.skyblocker.utils,RomanNumeralsTest,Unutilized Abstraction
forkassn3,de.hysky.skyblocker.utils,ConstantsTest,Unutilized Abstraction
forkassn3,de.hysky.skyblocker.utils,CalculatorTest,Unutilized Abstraction
forkassn3,de.hysky.skyblocker.utils,InstancedUtilsTest,Unutilized Abstraction
forkassn3,de.hysky.skyblocker.utils,PosUtilsTest,Unutilized Abstraction
forkassn3,de.hysky.skyblocker.utils,ItemUtilsTest,Unutilized Abstraction
forkassn3,de.hysky.skyblocker.utils,ApiUtils,Cyclic-Dependent Modularization
forkassn3,de.hysky.skyblocker.utils,Resettable,Unutilized Abstraction
forkassn3,de.hysky.skyblocker.utils,ReconfiguringPlaceholderScreen,Unutilized Abstraction
forkassn3,de.hysky.skyblocker.utils,ReconfiguringPlaceholderScreen,Broken Hierarchy
forkassn3,de.hysky.skyblocker.utils,ProfileUtils,Deficient Encapsulation
forkassn3,de.hysky.skyblocker.utils,ProfileUtils,Cyclic-Dependent Modularization
forkassn3,de.hysky.skyblocker.utils,JoinWorldPlaceholderScreen,Unutilized Abstraction
forkassn3,de.hysky.skyblocker.utils,JoinWorldPlaceholderScreen,Broken Hierarchy
forkassn3,de.hysky.skyblocker.utils,Utils,Deficient Encapsulation
forkassn3,de.hysky.skyblocker.utils,Utils,Cyclic-Dependent Modularization
forkassn3,de.hysky.skyblocker.utils,Utils,Insufficient Modularization
forkassn3,de.hysky.skyblocker.utils,ApiAuthentication,Cyclic-Dependent Modularization
forkassn3,de.hysky.skyblocker.utils,ItemUtils,Deficient Encapsulation
forkassn3,de.hysky.skyblocker.utils,ItemUtils,Cyclic-Dependent Modularization
forkassn3,de.hysky.skyblocker.utils,Tickable,Unutilized Abstraction
forkassn3,de.hysky.skyblocker.utils,BasePlaceholderScreen,Unutilized Abstraction
forkassn3,de.hysky.skyblocker.utils,Http,Cyclic-Dependent Modularization
forkassn3,de.hysky.skyblocker.utils,NEURepoManager,Deficient Encapsulation
forkassn3,de.hysky.skyblocker.utils,NEURepoManager,Cyclic-Dependent Modularization
forkassn3,de.hysky.skyblocker.utils,Calculator,Deficient Encapsulation
forkassn3,de.hysky.skyblocker.utils,Calculator,Cyclic-Dependent Modularization
forkassn3,de.hysky.skyblocker.utils,Token,Unnecessary Abstraction
forkassn3,de.hysky.skyblocker.utils,Token,Deficient Encapsulation
forkassn3,de.hysky.skyblocker.utils,PosUtils,Deficient Encapsulation
forkassn3,de.hysky.skyblocker.utils,SkyblockTime,Deficient Encapsulation
forkassn3,de.hysky.skyblocker.utils,Constants,Broken Modularization
forkassn3,de.hysky.skyblocker.utils.chat,ChatPatternListener,Unutilized Abstraction
forkassn3,de.hysky.skyblocker.utils.chat,ChatPatternListener,Deficient Encapsulation
forkassn3,de.hysky.skyblocker.utils.chat,ChatMessageListener,Cyclic-Dependent Modularization
forkassn3,de.hysky.skyblocker.utils.datafixer,ItemStackComponentizationFixerTest,Unutilized Abstraction
forkassn3,de.hysky.skyblocker.utils.scheduler,SchedulerTest,Imperative Abstraction
forkassn3,de.hysky.skyblocker.utils.scheduler,SchedulerTest,Unutilized Abstraction
forkassn3,de.hysky.skyblocker.utils.scheduler,MessageScheduler,Deficient Encapsulation
forkassn3,de.hysky.skyblocker.utils.scheduler,MessageScheduler,Broken Hierarchy
forkassn3,de.hysky.skyblocker.utils.scheduler,Scheduler,Deficient Encapsulation
forkassn3,de.hysky.skyblocker.utils.waypoint,WaypointTest,Unutilized Abstraction
forkassn3,de.hysky.skyblocker.utils.waypoint,WaypointCategoryTest,Unutilized Abstraction
forkassn3,de.hysky.skyblocker.utils.waypoint,ProfileAwareWaypointTest,Unutilized Abstraction
forkassn3,de.hysky.skyblocker.utils.waypoint,WaypointsTest,Unutilized Abstraction
forkassn3,de.hysky.skyblocker.utils.waypoint,NamedWaypoint,Deficient Encapsulation
forkassn3,de.hysky.skyblocker.utils.waypoint,ProfileAwareWaypoint,Deficient Encapsulation
forkassn3,de.hysky.skyblocker.utils.waypoint,Waypoint,Deficient Encapsulation
forkassn3,de.hysky.skyblocker.utils.waypoint,Waypoint,Insufficient Modularization
forkassn3,de.hysky.skyblocker,MixinsTest,Unutilized Abstraction
forkassn3,de.hysky.skyblocker,SkyblockerMod,Deficient Encapsulation
forkassn3,de.hysky.skyblocker,SkyblockerMod,Cyclic-Dependent Modularization
forkassn3,de.hysky.skyblocker,SkyblockerMod,Hub-like Modularization
forkassn3,de.hysky.skyblocker,SkyblockerScreen,Cyclic-Dependent Modularization
forkassn3,de.hysky.skyblocker,IconTextWidget,Unutilized Abstraction
forkassn3,de.hysky.skyblocker.skyblock.filters,ComboFilterTest,Unutilized Abstraction
forkassn3,de.hysky.skyblocker.skyblock.filters,ComboFilterTest,Broken Hierarchy
forkassn3,de.hysky.skyblocker.skyblock.filters,AbilityFilterTest,Unutilized Abstraction
forkassn3,de.hysky.skyblocker.skyblock.filters,AbilityFilterTest,Broken Hierarchy
forkassn3,de.hysky.skyblocker.skyblock.filters,AdFilterTest,Unutilized Abstraction
forkassn3,de.hysky.skyblocker.skyblock.filters,AoteFilterTest,Unutilized Abstraction
forkassn3,de.hysky.skyblocker.skyblock.filters,AoteFilterTest,Broken Hierarchy
forkassn3,de.hysky.skyblocker.skyblock.filters,ChatFilterTest,Unutilized Abstraction
forkassn3,de.hysky.skyblocker.skyblock.filters,TeleportPadFilterTest,Unutilized Abstraction
forkassn3,de.hysky.skyblocker.skyblock.filters,TeleportPadFilterTest,Broken Hierarchy
forkassn3,de.hysky.skyblocker.skyblock.filters,AutopetFilterTest,Unutilized Abstraction
forkassn3,de.hysky.skyblocker.skyblock.filters,HealFilterTest,Unutilized Abstraction
forkassn3,de.hysky.skyblocker.skyblock.filters,HealFilterTest,Broken Hierarchy
forkassn3,de.hysky.skyblocker.skyblock.filters,ImplosionFilterTest,Unutilized Abstraction
forkassn3,de.hysky.skyblocker.skyblock.filters,ImplosionFilterTest,Broken Hierarchy
forkassn3,de.hysky.skyblocker.skyblock.filters,ShowOffFilterTest,Unutilized Abstraction
forkassn3,de.hysky.skyblocker.skyblock.filters,AoteFilter,Unutilized Abstraction
forkassn3,de.hysky.skyblocker.skyblock.filters,AoteFilter,Broken Hierarchy
forkassn3,de.hysky.skyblocker.skyblock.filters,SimpleChatFilter,Unutilized Abstraction
forkassn3,de.hysky.skyblocker.skyblock.filters,ImplosionFilter,Unutilized Abstraction
forkassn3,de.hysky.skyblocker.skyblock.filters,ImplosionFilter,Broken Hierarchy
forkassn3,de.hysky.skyblocker.skyblock.filters,AbilityFilter,Unutilized Abstraction
forkassn3,de.hysky.skyblocker.skyblock.filters,AbilityFilter,Broken Hierarchy
forkassn3,de.hysky.skyblocker.skyblock.filters,ShowOffFilter,Unutilized Abstraction
forkassn3,de.hysky.skyblocker.skyblock.filters,ShowOffFilter,Broken Hierarchy
forkassn3,de.hysky.skyblocker.skyblock.filters,MimicFilter,Unutilized Abstraction
forkassn3,de.hysky.skyblocker.skyblock.filters,ToggleSkyMallFilter,Unutilized Abstraction
forkassn3,de.hysky.skyblocker.skyblock.filters,ToggleSkyMallFilter,Broken Hierarchy
forkassn3,de.hysky.skyblocker.skyblock.filters,DicerFilter,Unutilized Abstraction
forkassn3,de.hysky.skyblocker.skyblock.filters,DicerFilter,Broken Hierarchy
forkassn3,de.hysky.skyblocker.skyblock.filters,MoltenWaveFilter,Unutilized Abstraction
forkassn3,de.hysky.skyblocker.skyblock.filters,MoltenWaveFilter,Broken Hierarchy
forkassn3,de.hysky.skyblocker.skyblock.filters,DeathFilter,Unutilized Abstraction
forkassn3,de.hysky.skyblocker.skyblock.filters,AutopetFilter,Unutilized Abstraction
forkassn3,de.hysky.skyblocker.skyblock.filters,TeleportPadFilter,Unutilized Abstraction
forkassn3,de.hysky.skyblocker.skyblock.filters,TeleportPadFilter,Broken Hierarchy
forkassn3,de.hysky.skyblocker.skyblock.filters,HealFilter,Unutilized Abstraction
forkassn3,de.hysky.skyblocker.skyblock.filters,HealFilter,Broken Hierarchy
forkassn3,de.hysky.skyblocker.skyblock.filters,AdFilter,Unutilized Abstraction
forkassn3,de.hysky.skyblocker.skyblock.filters,ComboFilter,Unutilized Abstraction
forkassn3,de.hysky.skyblocker.skyblock.filters,ComboFilter,Broken Hierarchy
forkassn3,de.hysky.skyblocker.skyblock.dwarven,FetchurTest,Unutilized Abstraction
forkassn3,de.hysky.skyblocker.skyblock.dwarven,MetalDetectorTest,Unutilized Abstraction
forkassn3,de.hysky.skyblocker.skyblock.dwarven,CrystalsLocationManagerTest,Unutilized Abstraction
forkassn3,de.hysky.skyblocker.skyblock.dwarven,PuzzlerTest,Unutilized Abstraction
forkassn3,de.hysky.skyblocker.skyblock.dwarven,CrystalsHudTest,Unutilized Abstraction
forkassn3,de.hysky.skyblocker.skyblock.dwarven,DwarvenHudConfigScreen,Unutilized Abstraction
forkassn3,de.hysky.skyblocker.skyblock.dwarven,CrystalsHud,Deficient Encapsulation
forkassn3,de.hysky.skyblocker.skyblock.dwarven,CrystalsHudConfigScreen,Unutilized Abstraction
forkassn3,de.hysky.skyblocker.skyblock.dwarven,CommissionHighlight,Unutilized Abstraction
forkassn3,de.hysky.skyblocker.skyblock.dwarven,NucleusWaypoints,Unutilized Abstraction
forkassn3,de.hysky.skyblocker.skyblock.dwarven,Waypoint,Unutilized Abstraction
forkassn3,de.hysky.skyblocker.skyblock.dwarven,DwarvenHud,Deficient Encapsulation
forkassn3,de.hysky.skyblocker.skyblock.dwarven,DwarvenHud,Cyclic-Dependent Modularization
forkassn3,de.hysky.skyblocker.skyblock.dwarven,Fetchur,Unutilized Abstraction
forkassn3,de.hysky.skyblocker.skyblock.dwarven,Puzzler,Unutilized Abstraction
forkassn3,de.hysky.skyblocker.skyblock.dwarven,CrystalsWaypoint,Unutilized Abstraction
forkassn3,de.hysky.skyblocker.skyblock.dwarven,CrystalsWaypoint,Deficient Encapsulation
forkassn3,de.hysky.skyblocker.skyblock.dwarven,CrystalsWaypoint,Broken Hierarchy
forkassn3,de.hysky.skyblocker.skyblock.chat,ChatRuleTest,Unutilized Abstraction
forkassn3,de.hysky.skyblocker.skyblock.chat,ChatRulesHandlerTest,Unutilized Abstraction
forkassn3,de.hysky.skyblocker.skyblock.chat,ChatRulesHandler,Cyclic-Dependent Modularization
forkassn3,de.hysky.skyblocker.skyblock.chat,ChatRulesConfigScreen,Cyclic-Dependent Modularization
forkassn3,de.hysky.skyblocker.skyblock.chat,ChatRule,Deficient Encapsulation
forkassn3,de.hysky.skyblocker.skyblock.chat,ChatRule,Cyclic-Dependent Modularization
forkassn3,de.hysky.skyblocker.skyblock.chat,ChatRule,Insufficient Modularization
forkassn3,de.hysky.skyblocker.skyblock.chat,ChatRulesConfigListWidget,Cyclic-Dependent Modularization
forkassn3,de.hysky.skyblocker.skyblock.chat,AbstractChatRuleEntry,Unnecessary Abstraction
forkassn3,de.hysky.skyblocker.skyblock.chat,AbstractChatRuleEntry,Cyclic-Dependent Modularization
forkassn3,de.hysky.skyblocker.skyblock.chat,ChatRuleLabelsEntry,Unutilized Abstraction
forkassn3,de.hysky.skyblocker.skyblock.chat,ChatRuleLabelsEntry,Broken Hierarchy
forkassn3,de.hysky.skyblocker.skyblock.chat,ChatRuleConfigEntry,Broken Hierarchy
forkassn3,de.hysky.skyblocker.skyblock.chat,ChatRuleConfigScreen,Unutilized Abstraction
forkassn3,de.hysky.skyblocker.skyblock,StatusBarTrackerTest,Unutilized Abstraction
forkassn3,de.hysky.skyblocker.skyblock,ChestValueTest,Unutilized Abstraction
forkassn3,de.hysky.skyblocker.skyblock,FishingHelper,Cyclic-Dependent Modularization
forkassn3,de.hysky.skyblocker.skyblock,QuiverWarning,Cyclic-Dependent Modularization
forkassn3,de.hysky.skyblocker.skyblock,TeleportOverlay,Cyclic-Dependent Modularization
forkassn3,de.hysky.skyblocker.skyblock,StatusBarTracker,Cyclic-Dependent Modularization
forkassn3,de.hysky.skyblocker.skyblock,WarpAutocomplete,Deficient Encapsulation
forkassn3,de.hysky.skyblocker.skyblock,WarpAutocomplete,Cyclic-Dependent Modularization
forkassn3,de.hysky.skyblocker.skyblock,Tips,Cyclic-Dependent Modularization
forkassn3,de.hysky.skyblocker.skyblock,PetCache,Cyclic-Dependent Modularization
forkassn3,de.hysky.skyblocker.skyblock,ChestValue,Cyclic-Dependent Modularization
forkassn3,de.hysky.skyblocker.skyblock.dungeon.puzzle,SilverfishTest,Unutilized Abstraction
forkassn3,de.hysky.skyblocker.skyblock.dungeon.puzzle,ThreeWeirdosTest,Unutilized Abstraction
forkassn3,de.hysky.skyblocker.skyblock.dungeon.puzzle,IceFillTest,Unutilized Abstraction
forkassn3,de.hysky.skyblocker.skyblock.dungeon.puzzle,TriviaTest,Unutilized Abstraction
forkassn3,de.hysky.skyblocker.skyblock.dungeon.puzzle,Trivia,Unutilized Abstraction
forkassn3,de.hysky.skyblocker.skyblock.dungeon.puzzle,Silverfish,Unutilized Abstraction
forkassn3,de.hysky.skyblocker.skyblock.dungeon.puzzle,Silverfish,Deficient Encapsulation
forkassn3,de.hysky.skyblocker.skyblock.dungeon.puzzle,DungeonPuzzle,Unutilized Abstraction
forkassn3,de.hysky.skyblocker.skyblock.dungeon.puzzle,DungeonBlaze,Unutilized Abstraction
forkassn3,de.hysky.skyblocker.skyblock.dungeon.puzzle,DungeonBlaze,Broken Hierarchy
forkassn3,de.hysky.skyblocker.skyblock.dungeon.puzzle,IceFill,Unutilized Abstraction
forkassn3,de.hysky.skyblocker.skyblock.dungeon.puzzle,IceFill,Deficient Encapsulation
forkassn3,de.hysky.skyblocker.skyblock.dungeon.puzzle,IceFill,Broken Hierarchy
forkassn3,de.hysky.skyblocker.skyblock.dungeon.puzzle,ThreeWeirdos,Unutilized Abstraction
forkassn3,de.hysky.skyblocker.skyblock.dungeon.puzzle,CreeperBeams,Unutilized Abstraction
forkassn3,de.hysky.skyblocker.skyblock.dungeon.puzzle,CreeperBeams,Deficient Encapsulation
forkassn3,de.hysky.skyblocker.skyblock.dungeon.puzzle,Beam,Deficient Encapsulation
forkassn3,de.hysky.skyblocker.skyblock.dungeon.puzzle,TicTacToe,Unutilized Abstraction
forkassn3,de.hysky.skyblocker.skyblock.dungeon.puzzle,TicTacToe,Broken Hierarchy
forkassn3,de.hysky.skyblocker.skyblock.dungeon.secrets,SecretWaypointTest,Unutilized Abstraction
forkassn3,de.hysky.skyblocker.skyblock.dungeon.secrets,RoomTest,Unutilized Abstraction
forkassn3,de.hysky.skyblocker.skyblock.dungeon.secrets,DebugRoom,Cyclic-Dependent Modularization
forkassn3,de.hysky.skyblocker.skyblock.dungeon.secrets,DungeonManager,Cyclic-Dependent Modularization
forkassn3,de.hysky.skyblocker.skyblock.dungeon.secrets,DungeonManager,Insufficient Modularization
forkassn3,de.hysky.skyblocker.skyblock.dungeon.secrets,Room,Cyclic-Dependent Modularization
forkassn3,de.hysky.skyblocker.skyblock.dungeon.secrets,Room,Insufficient Modularization
forkassn3,de.hysky.skyblocker.skyblock.dungeon.secrets,DirectionArgumentType,Unutilized Abstraction
forkassn3,de.hysky.skyblocker.skyblock.dungeon.secrets,SecretsTracker,Cyclic-Dependent Modularization
forkassn3,de.hysky.skyblocker.skyblock.dungeon.secrets,SecretWaypoint,Deficient Encapsulation
forkassn3,de.hysky.skyblocker.skyblock.dungeon.secrets,SecretWaypoint,Cyclic-Dependent Modularization
forkassn3,de.hysky.skyblocker.skyblock.dungeon.secrets,CategoryArgumentType,Unutilized Abstraction
forkassn3,de.hysky.skyblocker.skyblock.dungeon.secrets,DungeonMapUtils,Deficient Encapsulation
forkassn3,de.hysky.skyblocker.skyblock.dungeon.secrets,DungeonMapUtils,Cyclic-Dependent Modularization
forkassn3,de.hysky.skyblocker.skyblock.dungeon.secrets,DungeonMapUtils,Insufficient Modularization
forkassn3,de.hysky.skyblocker.skyblock.dungeon,AcceptRepartyTest,Unutilized Abstraction
forkassn3,de.hysky.skyblocker.skyblock.dungeon,LividColor,Deficient Encapsulation
forkassn3,de.hysky.skyblocker.skyblock.dungeon,LividColor,Cyclic-Dependent Modularization
forkassn3,de.hysky.skyblocker.skyblock.dungeon,Reparty,Unutilized Abstraction
forkassn3,de.hysky.skyblocker.skyblock.dungeon,Reparty,Deficient Encapsulation
forkassn3,de.hysky.skyblocker.skyblock.dungeon,GuardianHealth,Cyclic-Dependent Modularization
forkassn3,de.hysky.skyblocker.skyblock.dungeon,DungeonScoreHUD,Cyclic-Dependent Modularization
forkassn3,de.hysky.skyblocker.skyblock.dungeon,CroesusHelper,Unutilized Abstraction
forkassn3,de.hysky.skyblocker.skyblock.dungeon,DungeonMap,Cyclic-Dependent Modularization
forkassn3,de.hysky.skyblocker.skyblock.dungeon,DungeonTextures,Cyclic-Dependent Modularization
forkassn3,de.hysky.skyblocker.skyblock.dungeon,DungeonMapConfigScreen,Unutilized Abstraction
forkassn3,de.hysky.skyblocker.skyblock.dungeon,DungeonScore,Cyclic-Dependent Modularization
forkassn3,de.hysky.skyblocker.skyblock.dungeon,DungeonScore,Insufficient Modularization
forkassn3,de.hysky.skyblocker.skyblock.dungeon,CroesusProfit,Unutilized Abstraction
forkassn3,de.hysky.skyblocker.skyblock.searchoverlay,SplitStringTest,Unutilized Abstraction
forkassn3,de.hysky.skyblocker.skyblock.searchoverlay,OverlayScreen,Unutilized Abstraction
forkassn3,de.hysky.skyblocker.skyblock.searchoverlay,SearchOverManager,Deficient Encapsulation
forkassn3,de.hysky.skyblocker.skyblock.searchoverlay,SearchOverManager,Cyclic-Dependent Modularization
forkassn3,de.hysky.skyblocker.skyblock.item,ArmorTrimIdSerializationTest,Unutilized Abstraction
forkassn3,de.hysky.skyblocker.skyblock.item,SkyblockInventoryScreen,Unutilized Abstraction
forkassn3,de.hysky.skyblocker.skyblock.item,SkyblockInventoryScreen,Deficient Encapsulation
forkassn3,de.hysky.skyblocker.skyblock.item,EquipmentSlot,Unutilized Abstraction
forkassn3,de.hysky.skyblocker.skyblock.item,CustomItemNames,Unutilized Abstraction
forkassn3,de.hysky.skyblocker.skyblock.item,MuseumItemCache,Deficient Encapsulation
forkassn3,de.hysky.skyblocker.skyblock.item,MuseumItemCache,Cyclic-Dependent Modularization
forkassn3,de.hysky.skyblocker.skyblock.item,CustomArmorDyeColors,Cyclic-Dependent Modularization
forkassn3,de.hysky.skyblocker.skyblock.item,CustomArmorTrims,Deficient Encapsulation
forkassn3,de.hysky.skyblocker.skyblock.item,WikiLookup,Deficient Encapsulation
forkassn3,de.hysky.skyblocker.skyblock.item,SkyblockCraftingTableScreenHandler,Deficient Encapsulation
forkassn3,de.hysky.skyblocker.skyblock.item,ItemRarityBackgrounds,Deficient Encapsulation
forkassn3,de.hysky.skyblocker.skyblock.item,ItemRarityBackgrounds,Cyclic-Dependent Modularization
forkassn3,de.hysky.skyblocker.skyblock.item,SkyblockCraftingTableScreen,Unutilized Abstraction
forkassn3,de.hysky.skyblocker.skyblock.item,DummyRecipeScreenHandler,Unutilized Abstraction
forkassn3,de.hysky.skyblocker.skyblock.item,ItemProtection,Deficient Encapsulation
forkassn3,de.hysky.skyblocker.skyblock.item,ItemProtection,Cyclic-Dependent Modularization
forkassn3,de.hysky.skyblocker.skyblock.item,HotbarSlotLock,Deficient Encapsulation
forkassn3,de.hysky.skyblocker.skyblock.waypoint,MythologicalRitualTest,Unutilized Abstraction
forkassn3,de.hysky.skyblocker.skyblock.waypoint,OrderedWaypoints,Cyclic-Dependent Modularization
forkassn3,de.hysky.skyblocker.skyblock.waypoint,OrderedWaypoint,Cyclic-Dependent Modularization
forkassn3,de.hysky.skyblocker.skyblock.waypoint,Relics,Cyclic-Dependent Modularization
forkassn3,de.hysky.skyblocker.skyblock.waypoint,FairySouls,Cyclic-Dependent Modularization
forkassn3,de.hysky.skyblocker.skyblock.waypoint,MythologicalRitual,Cyclic-Dependent Modularization
forkassn3,de.hysky.skyblocker.skyblock.waypoint,WaypointsListWidget,Unexploited Encapsulation
forkassn3,de.hysky.skyblocker.skyblock.waypoint,WaypointsListWidget,Missing Hierarchy
forkassn3,de.hysky.skyblocker.skyblock.waypoint,WaypointsListWidget,Cyclic-Dependent Modularization
forkassn3,de.hysky.skyblocker.skyblock.waypoint,AbstractWaypointEntry,Unnecessary Abstraction
forkassn3,de.hysky.skyblocker.skyblock.waypoint,AbstractWaypointEntry,Unutilized Abstraction
forkassn3,de.hysky.skyblocker.skyblock.waypoint,WaypointCategoryEntry,Unutilized Abstraction
forkassn3,de.hysky.skyblocker.skyblock.waypoint,WaypointCategoryEntry,Broken Hierarchy
forkassn3,de.hysky.skyblocker.skyblock.waypoint,WaypointEntry,Unutilized Abstraction
forkassn3,de.hysky.skyblocker.skyblock.waypoint,WaypointEntry,Broken Hierarchy
forkassn3,de.hysky.skyblocker.skyblock.waypoint,WaypointsScreen,Broken Hierarchy
forkassn3,de.hysky.skyblocker.skyblock.waypoint,DropdownWidget,Deficient Encapsulation
forkassn3,de.hysky.skyblocker.skyblock.waypoint,Entry,Unutilized Abstraction
forkassn3,de.hysky.skyblocker.skyblock.waypoint,AbstractWaypointsScreen,Cyclic-Dependent Modularization
forkassn3,de.hysky.skyblocker.skyblock.waypoint,WaypointsShareScreen,Unutilized Abstraction
forkassn3,de.hysky.skyblocker.skyblock.waypoint,WaypointsShareScreen,Broken Hierarchy
forkassn3,de.hysky.skyblocker.skyblock.waypoint,Waypoints,Deficient Encapsulation
forkassn3,de.hysky.skyblocker.skyblock.waypoint,Waypoints,Cyclic-Dependent Modularization
forkassn3,de.hysky.skyblocker.compatibility.rei,SkyblockCategory,Unutilized Abstraction
forkassn3,de.hysky.skyblocker.compatibility.rei,SkyblockCraftingDisplayGenerator,Unutilized Abstraction
forkassn3,de.hysky.skyblocker.compatibility.rei,SkyblockerREIClientPlugin,Deficient Encapsulation
forkassn3,de.hysky.skyblocker.compatibility.emi,SkyblockerEMIPlugin,Deficient Encapsulation
forkassn3,de.hysky.skyblocker.compatibility.emi,SkyblockEmiRecipe,Unutilized Abstraction
forkassn3,de.hysky.skyblocker.compatibility,MixinPlugin,Unutilized Abstraction
forkassn3,de.hysky.skyblocker.compatibility.modmenu,ModMenuEntry,Unutilized Abstraction
forkassn3,de.hysky.skyblocker.mixins,DrawContextMixin,Unutilized Abstraction
forkassn3,de.hysky.skyblocker.mixins,GenericContainerScreenHandlerMixin,Unutilized Abstraction
forkassn3,de.hysky.skyblocker.mixins,SignEditScreenMixin,Unutilized Abstraction
forkassn3,de.hysky.skyblocker.mixins,LeverBlockMixin,Unutilized Abstraction
forkassn3,de.hysky.skyblocker.mixins,LivingEntityRendererMixin,Unutilized Abstraction
forkassn3,de.hysky.skyblocker.mixins,ComponentHolderMixin,Unutilized Abstraction
forkassn3,de.hysky.skyblocker.mixins,AbstractInventoryScreenMixin,Unutilized Abstraction
forkassn3,de.hysky.skyblocker.mixins,EntityRenderDispatcherMixin,Unutilized Abstraction
forkassn3,de.hysky.skyblocker.mixins,ScoreboardMixin,Unutilized Abstraction
forkassn3,de.hysky.skyblocker.mixins,SocialInteractionsPlayerListWidgetMixin,Unutilized Abstraction
forkassn3,de.hysky.skyblocker.mixins,FarmlandBlockMixin,Unutilized Abstraction
forkassn3,de.hysky.skyblocker.mixins,MinecraftClientMixin,Unutilized Abstraction
forkassn3,de.hysky.skyblocker.mixins,MinecraftClientMixin,Deficient Encapsulation
forkassn3,de.hysky.skyblocker.mixins,InGameHudMixin,Unutilized Abstraction
forkassn3,de.hysky.skyblocker.mixins,YggdrasilServicesKeyInfoMixin,Unutilized Abstraction
forkassn3,de.hysky.skyblocker.mixins,ItemStackMixin,Unutilized Abstraction
forkassn3,de.hysky.skyblocker.mixins,InventoryScreenMixin,Unutilized Abstraction
forkassn3,de.hysky.skyblocker.mixins,HandledScreenMixin,Unutilized Abstraction
forkassn3,de.hysky.skyblocker.mixins,ClientPlayNetworkHandlerMixin,Unutilized Abstraction
forkassn3,de.hysky.skyblocker.mixins,WorldRendererMixin,Unutilized Abstraction
forkassn3,de.hysky.skyblocker.mixins,RenderFishMixin,Unutilized Abstraction
forkassn3,de.hysky.skyblocker.mixins,CommandTreeS2CPacketMixin,Unutilized Abstraction
forkassn3,de.hysky.skyblocker.mixins,HandledScreenProviderMixin,Unutilized Abstraction
forkassn3,de.hysky.skyblocker.mixins,PingMeasurerMixin,Unutilized Abstraction
forkassn3,de.hysky.skyblocker.mixins,WindowMixin,Unutilized Abstraction
forkassn3,de.hysky.skyblocker.mixins,ClientWorldMixin,Unutilized Abstraction
forkassn3,de.hysky.skyblocker.mixins,MouseMixin,Unutilized Abstraction
forkassn3,de.hysky.skyblocker.mixins,PlayerSkinTextureMixin,Unutilized Abstraction
forkassn3,de.hysky.skyblocker.mixins,ClientPlayerEntityMixin,Unutilized Abstraction
forkassn3,de.hysky.skyblocker.mixins,PlayerInventoryMixin,Unutilized Abstraction
forkassn3,de.hysky.skyblocker.mixins,PlayerInventoryMixin,Deficient Encapsulation
forkassn3,de.hysky.skyblocker.mixins,PlayerListHudMixin,Unutilized Abstraction
forkassn3,de.hysky.skyblocker.mixins,DataTrackerMixin,Unutilized Abstraction
forkassn3,de.hysky.skyblocker.mixins,YggdrasilMinecraftSessionServiceMixin,Unutilized Abstraction
forkassn3,de.hysky.skyblocker.mixins,BatEntityMixin,Unutilized Abstraction
forkassn3,de.hysky.skyblocker.mixins,InGameOverlayRendererMixin,Unutilized Abstraction
forkassn3,de.hysky.skyblocker.mixins,PlayerSkinProviderMixin,Unutilized Abstraction
forkassn3,de.hysky.skyblocker.mixins.accessors,ScreenAccessor,Unutilized Abstraction
forkassn3,de.hysky.skyblocker.mixins.accessors,MessageHandlerAccessor,Unutilized Abstraction
forkassn3,de.hysky.skyblocker.mixins.accessors,EndermanEntityAccessor,Unutilized Abstraction
forkassn3,de.hysky.skyblocker.mixins.accessors,HandledScreenAccessor,Unutilized Abstraction
forkassn3,de.hysky.skyblocker.mixins.accessors,MinecraftClientAccessor,Unutilized Abstraction
forkassn3,de.hysky.skyblocker.mixins.accessors,FrustumInvoker,Unutilized Abstraction
forkassn3,de.hysky.skyblocker.mixins.accessors,DrawContextInvoker,Unutilized Abstraction
forkassn3,de.hysky.skyblocker.mixins.accessors,CheckboxWidgetAccessor,Unutilized Abstraction
forkassn3,de.hysky.skyblocker.mixins.accessors,RecipeBookWidgetAccessor,Unutilized Abstraction
forkassn3,de.hysky.skyblocker.mixins.accessors,WorldRendererAccessor,Unutilized Abstraction
forkassn3,de.hysky.skyblocker.mixins.discordipc,ConnectionMixin,Unutilized Abstraction
forkassn3,de.hysky.skyblocker.config,SkyblockerConfigManager,Deficient Encapsulation
forkassn3,de.hysky.skyblocker.config,ConfigUtils,Deficient Encapsulation
forkassn3,de.hysky.skyblocker.config,SkyblockerConfig,Deficient Encapsulation
forkassn3,de.hysky.skyblocker.config,SkyblockerConfig,Broken Modularization
forkassn3,de.hysky.skyblocker.config,HudConfigScreen,Unutilized Abstraction
forkassn3,de.hysky.skyblocker.config.configs,UIAndVisualsConfig,Deficient Encapsulation
forkassn3,de.hysky.skyblocker.config.configs,ChestValue,Unnecessary Abstraction
forkassn3,de.hysky.skyblocker.config.configs,ChestValue,Deficient Encapsulation
forkassn3,de.hysky.skyblocker.config.configs,ItemCooldown,Unnecessary Abstraction
forkassn3,de.hysky.skyblocker.config.configs,ItemCooldown,Deficient Encapsulation
forkassn3,de.hysky.skyblocker.config.configs,TitleContainer,Unnecessary Abstraction
forkassn3,de.hysky.skyblocker.config.configs,TitleContainer,Deficient Encapsulation
forkassn3,de.hysky.skyblocker.config.configs,TitleContainer,Broken Modularization
forkassn3,de.hysky.skyblocker.config.configs,TabHudConf,Unnecessary Abstraction
forkassn3,de.hysky.skyblocker.config.configs,TabHudConf,Deficient Encapsulation
forkassn3,de.hysky.skyblocker.config.configs,TabHudConf,Broken Modularization
forkassn3,de.hysky.skyblocker.config.configs,FancyAuctionHouse,Unnecessary Abstraction
forkassn3,de.hysky.skyblocker.config.configs,FancyAuctionHouse,Deficient Encapsulation
forkassn3,de.hysky.skyblocker.config.configs,Bars,Unnecessary Abstraction
forkassn3,de.hysky.skyblocker.config.configs,Bars,Deficient Encapsulation
forkassn3,de.hysky.skyblocker.config.configs,OldBarPositions,Unnecessary Abstraction
forkassn3,de.hysky.skyblocker.config.configs,OldBarPositions,Deficient Encapsulation
forkassn3,de.hysky.skyblocker.config.configs,Waypoints,Unnecessary Abstraction
forkassn3,de.hysky.skyblocker.config.configs,Waypoints,Deficient Encapsulation
forkassn3,de.hysky.skyblocker.config.configs,TeleportOverlay,Deficient Encapsulation
forkassn3,de.hysky.skyblocker.config.configs,TeleportOverlay,Broken Modularization
forkassn3,de.hysky.skyblocker.config.configs,SearchOverlay,Deficient Encapsulation
forkassn3,de.hysky.skyblocker.config.configs,SearchOverlay,Broken Modularization
forkassn3,de.hysky.skyblocker.config.configs,InputCalculator,Unnecessary Abstraction
forkassn3,de.hysky.skyblocker.config.configs,InputCalculator,Deficient Encapsulation
forkassn3,de.hysky.skyblocker.config.configs,FlameOverlay,Unnecessary Abstraction
forkassn3,de.hysky.skyblocker.config.configs,FlameOverlay,Deficient Encapsulation
forkassn3,de.hysky.skyblocker.config.configs,CompactDamage,Unnecessary Abstraction
forkassn3,de.hysky.skyblocker.config.configs,CompactDamage,Deficient Encapsulation
forkassn3,de.hysky.skyblocker.config.configs,CompactDamage,Broken Modularization
forkassn3,de.hysky.skyblocker.config.configs,HelperConfig,Deficient Encapsulation
forkassn3,de.hysky.skyblocker.config.configs,HelperConfig,Broken Modularization
forkassn3,de.hysky.skyblocker.config.configs,MythologicalRitual,Unnecessary Abstraction
forkassn3,de.hysky.skyblocker.config.configs,MythologicalRitual,Deficient Encapsulation
forkassn3,de.hysky.skyblocker.config.configs,Jerry,Unnecessary Abstraction
forkassn3,de.hysky.skyblocker.config.configs,Jerry,Deficient Encapsulation
forkassn3,de.hysky.skyblocker.config.configs,Experiments,Unnecessary Abstraction
forkassn3,de.hysky.skyblocker.config.configs,Experiments,Deficient Encapsulation
forkassn3,de.hysky.skyblocker.config.configs,Fishing,Unnecessary Abstraction
forkassn3,de.hysky.skyblocker.config.configs,Fishing,Deficient Encapsulation
forkassn3,de.hysky.skyblocker.config.configs,Fishing,Broken Modularization
forkassn3,de.hysky.skyblocker.config.configs,FairySouls,Unnecessary Abstraction
forkassn3,de.hysky.skyblocker.config.configs,FairySouls,Deficient Encapsulation
forkassn3,de.hysky.skyblocker.config.configs,ChocolateFactory,Deficient Encapsulation
forkassn3,de.hysky.skyblocker.config.configs,ChocolateFactory,Broken Modularization
forkassn3,de.hysky.skyblocker.config.configs,DungeonsConfig,Deficient Encapsulation
forkassn3,de.hysky.skyblocker.config.configs,DungeonMap,Unnecessary Abstraction
forkassn3,de.hysky.skyblocker.config.configs,DungeonMap,Deficient Encapsulation
forkassn3,de.hysky.skyblocker.config.configs,PuzzleSolvers,Deficient Encapsulation
forkassn3,de.hysky.skyblocker.config.configs,PuzzleSolvers,Broken Modularization
forkassn3,de.hysky.skyblocker.config.configs,TheProfessor,Unnecessary Abstraction
forkassn3,de.hysky.skyblocker.config.configs,TheProfessor,Deficient Encapsulation
forkassn3,de.hysky.skyblocker.config.configs,Livid,Unnecessary Abstraction
forkassn3,de.hysky.skyblocker.config.configs,Livid,Deficient Encapsulation
forkassn3,de.hysky.skyblocker.config.configs,Terminals,Unnecessary Abstraction
forkassn3,de.hysky.skyblocker.config.configs,Terminals,Deficient Encapsulation
forkassn3,de.hysky.skyblocker.config.configs,SecretWaypoints,Deficient Encapsulation
forkassn3,de.hysky.skyblocker.config.configs,SecretWaypoints,Broken Modularization
forkassn3,de.hysky.skyblocker.config.configs,MimicMessage,Unnecessary Abstraction
forkassn3,de.hysky.skyblocker.config.configs,MimicMessage,Deficient Encapsulation
forkassn3,de.hysky.skyblocker.config.configs,DoorHighlight,Deficient Encapsulation
forkassn3,de.hysky.skyblocker.config.configs,DungeonScore,Deficient Encapsulation
forkassn3,de.hysky.skyblocker.config.configs,DungeonScore,Broken Modularization
forkassn3,de.hysky.skyblocker.config.configs,DungeonChestProfit,Deficient Encapsulation
forkassn3,de.hysky.skyblocker.config.configs,DungeonChestProfit,Broken Modularization
forkassn3,de.hysky.skyblocker.config.configs,MiningConfig,Deficient Encapsulation
forkassn3,de.hysky.skyblocker.config.configs,DwarvenMines,Unnecessary Abstraction
forkassn3,de.hysky.skyblocker.config.configs,DwarvenMines,Deficient Encapsulation
forkassn3,de.hysky.skyblocker.config.configs,DwarvenHud,Deficient Encapsulation
forkassn3,de.hysky.skyblocker.config.configs,DwarvenHud,Broken Modularization
forkassn3,de.hysky.skyblocker.config.configs,CrystalHollows,Unnecessary Abstraction
forkassn3,de.hysky.skyblocker.config.configs,CrystalHollows,Deficient Encapsulation
forkassn3,de.hysky.skyblocker.config.configs,CrystalsHud,Deficient Encapsulation
forkassn3,de.hysky.skyblocker.config.configs,CrystalsHud,Broken Modularization
forkassn3,de.hysky.skyblocker.config.configs,CrystalsWaypoints,Unnecessary Abstraction
forkassn3,de.hysky.skyblocker.config.configs,CrystalsWaypoints,Deficient Encapsulation
forkassn3,de.hysky.skyblocker.config.configs,CommissionWaypoints,Unnecessary Abstraction
forkassn3,de.hysky.skyblocker.config.configs,CommissionWaypoints,Deficient Encapsulation
forkassn3,de.hysky.skyblocker.config.configs,CommissionWaypoints,Broken Modularization
forkassn3,de.hysky.skyblocker.config.configs,Glacite,Unnecessary Abstraction
forkassn3,de.hysky.skyblocker.config.configs,Glacite,Deficient Encapsulation
forkassn3,de.hysky.skyblocker.config.configs,OtherLocationsConfig,Deficient Encapsulation
forkassn3,de.hysky.skyblocker.config.configs,OtherLocationsConfig,Broken Modularization
forkassn3,de.hysky.skyblocker.config.configs,Barn,Unnecessary Abstraction
forkassn3,de.hysky.skyblocker.config.configs,Barn,Deficient Encapsulation
forkassn3,de.hysky.skyblocker.config.configs,Rift,Unnecessary Abstraction
forkassn3,de.hysky.skyblocker.config.configs,Rift,Deficient Encapsulation
forkassn3,de.hysky.skyblocker.config.configs,Rift,Broken Modularization
forkassn3,de.hysky.skyblocker.config.configs,TheEnd,Deficient Encapsulation
forkassn3,de.hysky.skyblocker.config.configs,TheEnd,Broken Modularization
forkassn3,de.hysky.skyblocker.config.configs,SpidersDen,Unnecessary Abstraction
forkassn3,de.hysky.skyblocker.config.configs,SpidersDen,Deficient Encapsulation
forkassn3,de.hysky.skyblocker.config.configs,Relics,Unnecessary Abstraction
forkassn3,de.hysky.skyblocker.config.configs,Relics,Deficient Encapsulation
forkassn3,de.hysky.skyblocker.config.configs,FarmingConfig,Unutilized Abstraction
forkassn3,de.hysky.skyblocker.config.configs,FarmingConfig,Deficient Encapsulation
forkassn3,de.hysky.skyblocker.config.configs,FarmingConfig,Broken Modularization
forkassn3,de.hysky.skyblocker.config.configs,Garden,Unnecessary Abstraction
forkassn3,de.hysky.skyblocker.config.configs,Garden,Deficient Encapsulation
forkassn3,de.hysky.skyblocker.config.configs,Garden,Broken Modularization
forkassn3,de.hysky.skyblocker.config.configs,FarmingHud,Unnecessary Abstraction
forkassn3,de.hysky.skyblocker.config.configs,FarmingHud,Deficient Encapsulation
forkassn3,de.hysky.skyblocker.config.configs,ForagingConfig,Unnecessary Abstraction
forkassn3,de.hysky.skyblocker.config.configs,ForagingConfig,Unutilized Abstraction
forkassn3,de.hysky.skyblocker.config.configs,ForagingConfig,Deficient Encapsulation
forkassn3,de.hysky.skyblocker.config.configs,Hunting,Unnecessary Abstraction
forkassn3,de.hysky.skyblocker.config.configs,CrimsonIsleConfig,Deficient Encapsulation
forkassn3,de.hysky.skyblocker.config.configs,CrimsonIsleConfig,Broken Modularization
forkassn3,de.hysky.skyblocker.config.configs,Kuudra,Deficient Encapsulation
forkassn3,de.hysky.skyblocker.config.configs,Kuudra,Broken Modularization
forkassn3,de.hysky.skyblocker.config.configs,Dojo,Deficient Encapsulation
forkassn3,de.hysky.skyblocker.config.configs,Dojo,Broken Modularization
forkassn3,de.hysky.skyblocker.config.configs,ChatConfig,Unutilized Abstraction
forkassn3,de.hysky.skyblocker.config.configs,ChatConfig,Deficient Encapsulation
forkassn3,de.hysky.skyblocker.config.configs,ChatConfig,Broken Modularization
forkassn3,de.hysky.skyblocker.config.configs,ChatRuleConfig,Unnecessary Abstraction
forkassn3,de.hysky.skyblocker.config.configs,ChatRuleConfig,Deficient Encapsulation
forkassn3,de.hysky.skyblocker.config.configs,QuickNavigationConfig,Deficient Encapsulation
forkassn3,de.hysky.skyblocker.config.configs,QuickNavItem,Deficient Encapsulation
forkassn3,de.hysky.skyblocker.config.configs,ItemData,Deficient Encapsulation
forkassn3,de.hysky.skyblocker.config.configs,SlayersConfig,Unutilized Abstraction
forkassn3,de.hysky.skyblocker.config.configs,SlayersConfig,Deficient Encapsulation
forkassn3,de.hysky.skyblocker.config.configs,SlayersConfig,Broken Modularization
forkassn3,de.hysky.skyblocker.config.configs,EndermanSlayer,Unnecessary Abstraction
forkassn3,de.hysky.skyblocker.config.configs,EndermanSlayer,Deficient Encapsulation
forkassn3,de.hysky.skyblocker.config.configs,VampireSlayer,Deficient Encapsulation
forkassn3,de.hysky.skyblocker.config.configs,VampireSlayer,Broken Modularization
forkassn3,de.hysky.skyblocker.config.configs,GeneralConfig,Multifaceted Abstraction
forkassn3,de.hysky.skyblocker.config.configs,GeneralConfig,Deficient Encapsulation
forkassn3,de.hysky.skyblocker.config.configs,GeneralConfig,Cyclic-Dependent Modularization
forkassn3,de.hysky.skyblocker.config.configs,Shortcuts,Unnecessary Abstraction
forkassn3,de.hysky.skyblocker.config.configs,Shortcuts,Deficient Encapsulation
forkassn3,de.hysky.skyblocker.config.configs,QuiverWarning,Unnecessary Abstraction
forkassn3,de.hysky.skyblocker.config.configs,QuiverWarning,Deficient Encapsulation
forkassn3,de.hysky.skyblocker.config.configs,ItemList,Unnecessary Abstraction
forkassn3,de.hysky.skyblocker.config.configs,ItemList,Deficient Encapsulation
forkassn3,de.hysky.skyblocker.config.configs,ItemTooltip,Deficient Encapsulation
forkassn3,de.hysky.skyblocker.config.configs,ItemTooltip,Broken Modularization
forkassn3,de.hysky.skyblocker.config.configs,ItemInfoDisplay,Unnecessary Abstraction
forkassn3,de.hysky.skyblocker.config.configs,ItemInfoDisplay,Deficient Encapsulation
forkassn3,de.hysky.skyblocker.config.configs,ItemInfoDisplay,Broken Modularization
forkassn3,de.hysky.skyblocker.config.configs,ItemProtection,Unnecessary Abstraction
forkassn3,de.hysky.skyblocker.config.configs,ItemProtection,Deficient Encapsulation
forkassn3,de.hysky.skyblocker.config.configs,WikiLookup,Unnecessary Abstraction
forkassn3,de.hysky.skyblocker.config.configs,WikiLookup,Deficient Encapsulation
forkassn3,de.hysky.skyblocker.config.configs,SpecialEffects,Unnecessary Abstraction
forkassn3,de.hysky.skyblocker.config.configs,SpecialEffects,Deficient Encapsulation
forkassn3,de.hysky.skyblocker.config.configs,Hitbox,Unnecessary Abstraction
forkassn3,de.hysky.skyblocker.config.configs,Hitbox,Deficient Encapsulation
forkassn3,de.hysky.skyblocker.config.configs,EventNotificationsConfig,Unutilized Abstraction
forkassn3,de.hysky.skyblocker.config.configs,EventNotificationsConfig,Deficient Encapsulation
forkassn3,de.hysky.skyblocker.config.configs,MiscConfig,Unutilized Abstraction
forkassn3,de.hysky.skyblocker.config.configs,MiscConfig,Deficient Encapsulation
forkassn3,de.hysky.skyblocker.config.configs,RichPresence,Unnecessary Abstraction
forkassn3,de.hysky.skyblocker.config.configs,RichPresence,Deficient Encapsulation
forkassn3,de.hysky.skyblocker.config.categories,DungeonsCategory,Unutilized Abstraction
forkassn3,de.hysky.skyblocker.config.categories,SlayersCategory,Unutilized Abstraction
forkassn3,de.hysky.skyblocker.config.categories,HelperCategory,Unutilized Abstraction
forkassn3,de.hysky.skyblocker.config.categories,ChatCategory,Unutilized Abstraction
forkassn3,de.hysky.skyblocker.config.categories,ForagingCategory,Unutilized Abstraction
forkassn3,de.hysky.skyblocker.config.categories,MiningCategory,Unutilized Abstraction
forkassn3,de.hysky.skyblocker.config.categories,CrimsonIsleCategory,Unutilized Abstraction
forkassn3,de.hysky.skyblocker.config.categories,OtherLocationsCategory,Unutilized Abstraction
forkassn3,de.hysky.skyblocker.config.categories,UIAndVisualsCategory,Unutilized Abstraction
forkassn3,de.hysky.skyblocker.config.categories,MiscCategory,Unutilized Abstraction
forkassn3,de.hysky.skyblocker.config.categories,GeneralCategory,Unutilized Abstraction
forkassn3,de.hysky.skyblocker.config.categories,QuickNavigationCategory,Unutilized Abstraction
forkassn3,de.hysky.skyblocker.config.categories,FarmingCategory,Unutilized Abstraction
forkassn3,de.hysky.skyblocker.utils.discord,DiscordRPCManager,Deficient Encapsulation
forkassn3,de.hysky.skyblocker.utils.discord,DiscordRPCManager,Cyclic-Dependent Modularization
forkassn3,de.hysky.skyblocker.utils.config,DurationControllerWidget,Unutilized Abstraction
forkassn3,de.hysky.skyblocker.utils.render,RenderHelper,Cyclic-Dependent Modularization
forkassn3,de.hysky.skyblocker.utils.render,SkyblockerRenderLayers,Unnecessary Abstraction
forkassn3,de.hysky.skyblocker.utils.render,SkyblockerRenderLayers,Deficient Encapsulation
forkassn3,de.hysky.skyblocker.utils.render,Renderable,Unutilized Abstraction
forkassn3,de.hysky.skyblocker.utils.render,MatrixHelper,Unutilized Abstraction
forkassn3,de.hysky.skyblocker.utils.render.culling,ReducedWorldProvider,Unutilized Abstraction
forkassn3,de.hysky.skyblocker.utils.render.title,TitleContainerConfigScreen,Unutilized Abstraction
forkassn3,de.hysky.skyblocker.utils.render.gui,AbstractCustomHypixelGUI,Unutilized Abstraction
forkassn3,de.hysky.skyblocker.utils.render.gui,AbstractCustomHypixelGUI,Deficient Encapsulation
forkassn3,de.hysky.skyblocker.utils.render.gui,AbstractPopupScreen,Unutilized Abstraction
forkassn3,de.hysky.skyblocker.utils.render.gui,ContainerSolver,Unutilized Abstraction
forkassn3,de.hysky.skyblocker.utils.render.gui,ContainerSolver,Broken Hierarchy
forkassn3,de.hysky.skyblocker.utils.render.gui,ContainerSolver,Cyclic-Dependent Modularization
forkassn3,de.hysky.skyblocker.utils.render.gui,AbstractContainerMatcher,Unutilized Abstraction
forkassn3,de.hysky.skyblocker.utils.render.gui,AbstractContainerMatcher,Deficient Encapsulation
forkassn3,de.hysky.skyblocker.utils.render.gui,ContainerSolverManager,Cyclic-Dependent Modularization
forkassn3,de.hysky.skyblocker.injected,SkyblockerStack,Unutilized Abstraction
forkassn3,de.hysky.skyblocker.events,DungeonEvents,Deficient Encapsulation
forkassn3,de.hysky.skyblocker.events,DungeonEvents,Cyclic-Dependent Modularization
forkassn3,de.hysky.skyblocker.events,RoomMatched,Unutilized Abstraction
forkassn3,de.hysky.skyblocker.events,SkyblockEvents,Deficient Encapsulation
forkassn3,de.hysky.skyblocker.events,SkyblockJoin,Unutilized Abstraction
forkassn3,de.hysky.skyblocker.events,SkyblockLeave,Unutilized Abstraction
forkassn3,de.hysky.skyblocker.events,SkyblockLocationChange,Unutilized Abstraction
forkassn3,de.hysky.skyblocker.events,ProfileChange,Unutilized Abstraction
forkassn3,de.hysky.skyblocker.events,HudRenderEvents,Deficient Encapsulation
forkassn3,de.hysky.skyblocker.skyblock.foraging,ModernForagingIsland,Unutilized Abstraction
forkassn3,de.hysky.skyblocker.skyblock.shortcut,ShortcutsConfigListWidget,Cyclic-Dependent Modularization
forkassn3,de.hysky.skyblocker.skyblock.shortcut,ShortcutsConfigListWidget,Insufficient Modularization
forkassn3,de.hysky.skyblocker.skyblock.shortcut,ShortcutCategoryEntry,Broken Hierarchy
forkassn3,de.hysky.skyblocker.skyblock.shortcut,ShortcutLoadingEntry,Unutilized Abstraction
forkassn3,de.hysky.skyblocker.skyblock.shortcut,ShortcutLoadingEntry,Broken Hierarchy
forkassn3,de.hysky.skyblocker.skyblock.shortcut,ShortcutEntry,Broken Hierarchy
forkassn3,de.hysky.skyblocker.skyblock.shortcut,ShortcutsConfigScreen,Cyclic-Dependent Modularization
forkassn3,de.hysky.skyblocker.skyblock.shortcut,Shortcuts,Deficient Encapsulation
forkassn3,de.hysky.skyblocker.skyblock.shortcut,Shortcuts,Cyclic-Dependent Modularization
forkassn3,de.hysky.skyblocker.skyblock.mayors,JerryTimer,Cyclic-Dependent Modularization
forkassn3,de.hysky.skyblocker.skyblock.accessories.newyearcakes,NewYearCakeBagHelper,Unutilized Abstraction
forkassn3,de.hysky.skyblocker.skyblock.accessories.newyearcakes,NewYearCakesHelper,Deficient Encapsulation
forkassn3,de.hysky.skyblocker.skyblock.accessories.newyearcakes,NewYearCakesHelper,Cyclic-Dependent Modularization
forkassn3,de.hysky.skyblocker.skyblock.auction,AuctionBrowserScreen,Unutilized Abstraction
forkassn3,de.hysky.skyblocker.skyblock.auction,AuctionBrowserScreen,Deficient Encapsulation
forkassn3,de.hysky.skyblocker.skyblock.auction,ScaledTextButtonWidget,Unutilized Abstraction
forkassn3,de.hysky.skyblocker.skyblock.auction,EditBidPopup,Unutilized Abstraction
forkassn3,de.hysky.skyblocker.skyblock.auction,AuctionViewScreen,Deficient Encapsulation
forkassn3,de.hysky.skyblocker.skyblock.auction.widgets,SortWidget,Broken Hierarchy
forkassn3,de.hysky.skyblocker.skyblock.auction.widgets,AuctionTypeWidget,Broken Hierarchy
forkassn3,de.hysky.skyblocker.skyblock.auction.widgets,OptionInfo,Unutilized Abstraction
forkassn3,de.hysky.skyblocker.skyblock.crimson.kuudra,Kuudra,Cyclic-Dependent Modularization
forkassn3,de.hysky.skyblocker.skyblock.crimson.dojo,ForceTestHelper,Cyclic-Dependent Modularization
forkassn3,de.hysky.skyblocker.skyblock.crimson.dojo,TenacityTestHelper,Cyclic-Dependent Modularization
forkassn3,de.hysky.skyblocker.skyblock.crimson.dojo,DojoManager,Deficient Encapsulation
forkassn3,de.hysky.skyblocker.skyblock.crimson.dojo,DojoManager,Cyclic-Dependent Modularization
forkassn3,de.hysky.skyblocker.skyblock.crimson.dojo,StaminaTestHelper,Cyclic-Dependent Modularization
forkassn3,de.hysky.skyblocker.skyblock.crimson.dojo,MasteryTestHelper,Cyclic-Dependent Modularization
forkassn3,de.hysky.skyblocker.skyblock.crimson.dojo,DisciplineTestHelper,Unutilized Abstraction
forkassn3,de.hysky.skyblocker.skyblock.crimson.dojo,SwiftnessTestHelper,Cyclic-Dependent Modularization
forkassn3,de.hysky.skyblocker.skyblock.crimson.dojo,ControlTestHelper,Cyclic-Dependent Modularization
forkassn3,de.hysky.skyblocker.skyblock.rift,MirrorverseWaypoints,Unutilized Abstraction
forkassn3,de.hysky.skyblocker.skyblock.rift,TwinClawsIndicator,Unutilized Abstraction
forkassn3,de.hysky.skyblocker.skyblock.rift,EffigyWaypoints,Unutilized Abstraction
forkassn3,de.hysky.skyblocker.skyblock.rift,StakeIndicator,Unutilized Abstraction
forkassn3,de.hysky.skyblocker.skyblock.rift,ManiaIndicator,Unutilized Abstraction
forkassn3,de.hysky.skyblocker.skyblock.garden,FarmingHudWidget,Deficient Encapsulation
forkassn3,de.hysky.skyblocker.skyblock.garden,FarmingHudWidget,Cyclic-Dependent Modularization
forkassn3,de.hysky.skyblocker.skyblock.garden,VisitorHelper,Cyclic-Dependent Modularization
forkassn3,de.hysky.skyblocker.skyblock.garden,FarmingHud,Deficient Encapsulation
forkassn3,de.hysky.skyblocker.skyblock.garden,FarmingHud,Cyclic-Dependent Modularization
forkassn3,de.hysky.skyblocker.skyblock.garden,LowerSensitivity,Cyclic-Dependent Modularization
forkassn3,de.hysky.skyblocker.skyblock.garden,FarmingHudConfigScreen,Unutilized Abstraction
forkassn3,de.hysky.skyblocker.skyblock.tabhud.widget,DungeonPlayerWidget,Deficient Encapsulation
forkassn3,de.hysky.skyblocker.skyblock.tabhud.widget,DungeonPlayerWidget,Cyclic-Dependent Modularization
forkassn3,de.hysky.skyblocker.skyblock.tabhud.widget,ErrorWidget,Unutilized Abstraction
forkassn3,de.hysky.skyblocker.skyblock.tabhud.widget,ElectionWidget,Unutilized Abstraction
forkassn3,de.hysky.skyblocker.skyblock.tabhud.widget,VolcanoWidget,Unutilized Abstraction
forkassn3,de.hysky.skyblocker.skyblock.tabhud.widget,DungeonDeathWidget,Unutilized Abstraction
forkassn3,de.hysky.skyblocker.skyblock.tabhud.widget,MinionWidget,Unutilized Abstraction
forkassn3,de.hysky.skyblocker.skyblock.tabhud.widget,MinionWidget,Deficient Encapsulation
forkassn3,de.hysky.skyblocker.skyblock.tabhud.widget,ProfileWidget,Unutilized Abstraction
forkassn3,de.hysky.skyblocker.skyblock.tabhud.widget,IslandSelfWidget,Unutilized Abstraction
forkassn3,de.hysky.skyblocker.skyblock.tabhud.widget,EffectWidget,Unutilized Abstraction
forkassn3,de.hysky.skyblocker.skyblock.tabhud.widget,UpgradeWidget,Unutilized Abstraction
forkassn3,de.hysky.skyblocker.skyblock.tabhud.widget,IslandGuestsWidget,Unutilized Abstraction
forkassn3,de.hysky.skyblocker.skyblock.tabhud.widget,IslandOwnersWidget,Unutilized Abstraction
forkassn3,de.hysky.skyblocker.skyblock.tabhud.widget,EssenceWidget,Unutilized Abstraction
forkassn3,de.hysky.skyblocker.skyblock.tabhud.widget,SkillsWidget,Unutilized Abstraction
forkassn3,de.hysky.skyblocker.skyblock.tabhud.widget,ServerWidget,Unutilized Abstraction
forkassn3,de.hysky.skyblocker.skyblock.tabhud.widget,GardenServerWidget,Unutilized Abstraction
forkassn3,de.hysky.skyblocker.skyblock.tabhud.widget,GardenSkillsWidget,Unutilized Abstraction
forkassn3,de.hysky.skyblocker.skyblock.tabhud.widget,GardenVisitorsWidget,Unutilized Abstraction
forkassn3,de.hysky.skyblocker.skyblock.tabhud.widget,TrapperWidget,Unutilized Abstraction
forkassn3,de.hysky.skyblocker.skyblock.tabhud.widget,CameraPositionWidget,Unutilized Abstraction
forkassn3,de.hysky.skyblocker.skyblock.tabhud.widget,GuestServerWidget,Unutilized Abstraction
forkassn3,de.hysky.skyblocker.skyblock.tabhud.widget,DungeonPuzzleWidget,Unutilized Abstraction
forkassn3,de.hysky.skyblocker.skyblock.tabhud.widget,DungeonDownedWidget,Unutilized Abstraction
forkassn3,de.hysky.skyblocker.skyblock.tabhud.widget,ParkServerWidget,Unutilized Abstraction
forkassn3,de.hysky.skyblocker.skyblock.tabhud.widget,ForgeWidget,Unutilized Abstraction
forkassn3,de.hysky.skyblocker.skyblock.tabhud.widget,FireSaleWidget,Unutilized Abstraction
forkassn3,de.hysky.skyblocker.skyblock.tabhud.widget,PowderWidget,Unutilized Abstraction
forkassn3,de.hysky.skyblocker.skyblock.tabhud.widget,DungeonServerWidget,Unutilized Abstraction
forkassn3,de.hysky.skyblocker.skyblock.tabhud.widget,DungeonSecretWidget,Unutilized Abstraction
forkassn3,de.hysky.skyblocker.skyblock.tabhud.widget,JacobsContestWidget,Deficient Encapsulation
forkassn3,de.hysky.skyblocker.skyblock.tabhud.widget,ReputationWidget,Unutilized Abstraction
forkassn3,de.hysky.skyblocker.skyblock.tabhud.widget,Widget,Wide Hierarchy
forkassn3,de.hysky.skyblocker.skyblock.tabhud.widget,Widget,Cyclic-Dependent Modularization
forkassn3,de.hysky.skyblocker.skyblock.tabhud.widget,Widget,Insufficient Modularization
forkassn3,de.hysky.skyblocker.skyblock.tabhud.widget,IslandServerWidget,Unutilized Abstraction
forkassn3,de.hysky.skyblocker.skyblock.tabhud.widget,PlayerListWidget,Unutilized Abstraction
forkassn3,de.hysky.skyblocker.skyblock.tabhud.widget,CookieWidget,Unutilized Abstraction
forkassn3,de.hysky.skyblocker.skyblock.tabhud.widget,DungeonBuffWidget,Unutilized Abstraction
forkassn3,de.hysky.skyblocker.skyblock.tabhud.widget,QuestWidget,Unutilized Abstraction
forkassn3,de.hysky.skyblocker.skyblock.tabhud.widget,EventWidget,Unutilized Abstraction
forkassn3,de.hysky.skyblocker.skyblock.tabhud.widget,CommsWidget,Unutilized Abstraction
forkassn3,de.hysky.skyblocker.skyblock.tabhud.widget,ComposterWidget,Unutilized Abstraction
forkassn3,de.hysky.skyblocker.skyblock.tabhud.widget.rift,ShenWidget,Unutilized Abstraction
forkassn3,de.hysky.skyblocker.skyblock.tabhud.widget.rift,GoodToKnowWidget,Unutilized Abstraction
forkassn3,de.hysky.skyblocker.skyblock.tabhud.widget.rift,RiftProgressWidget,Unutilized Abstraction
forkassn3,de.hysky.skyblocker.skyblock.tabhud.widget.rift,RiftServerInfoWidget,Unutilized Abstraction
forkassn3,de.hysky.skyblocker.skyblock.tabhud.widget.rift,AdvertisementWidget,Unutilized Abstraction
forkassn3,de.hysky.skyblocker.skyblock.tabhud.widget.rift,RiftProfileWidget,Unutilized Abstraction
forkassn3,de.hysky.skyblocker.skyblock.tabhud.widget.rift,RiftStatsWidget,Unutilized Abstraction
forkassn3,de.hysky.skyblocker.skyblock.tabhud.widget.component,Component,Deficient Encapsulation
forkassn3,de.hysky.skyblocker.skyblock.tabhud.widget.component,PlayerComponent,Unutilized Abstraction
forkassn3,de.hysky.skyblocker.skyblock.tabhud.widget.hud,HudCommsWidget,Deficient Encapsulation
forkassn3,de.hysky.skyblocker.skyblock.tabhud.widget.hud,HudPowderWidget,Deficient Encapsulation
forkassn3,de.hysky.skyblocker.skyblock.tabhud.widget.hud,HudPowderWidget,Cyclic-Dependent Modularization
forkassn3,de.hysky.skyblocker.skyblock.tabhud.util,ScreenConst,Deficient Encapsulation
forkassn3,de.hysky.skyblocker.skyblock.tabhud.util,PlayerLocator,Imperative Abstraction
forkassn3,de.hysky.skyblocker.skyblock.tabhud.util,PlayerLocator,Deficient Encapsulation
forkassn3,de.hysky.skyblocker.skyblock.tabhud.util,PlayerLocator,Cyclic-Dependent Modularization
forkassn3,de.hysky.skyblocker.skyblock.tabhud.util,Ico,Deficient Encapsulation
forkassn3,de.hysky.skyblocker.skyblock.tabhud.util,Ico,Broken Modularization
forkassn3,de.hysky.skyblocker.skyblock.tabhud.util,PlayerListMgr,Deficient Encapsulation
forkassn3,de.hysky.skyblocker.skyblock.tabhud.util,PlayerListMgr,Cyclic-Dependent Modularization
forkassn3,de.hysky.skyblocker.skyblock.tabhud,TabHud,Deficient Encapsulation
forkassn3,de.hysky.skyblocker.skyblock.tabhud.screenbuilder.pipeline,StackStage,Unutilized Abstraction
forkassn3,de.hysky.skyblocker.skyblock.tabhud.screenbuilder.pipeline,AlignStage,Unutilized Abstraction
forkassn3,de.hysky.skyblocker.skyblock.tabhud.screenbuilder.pipeline,PlaceStage,Unutilized Abstraction
forkassn3,de.hysky.skyblocker.skyblock.tabhud.screenbuilder.pipeline,CollideStage,Unutilized Abstraction
forkassn3,de.hysky.skyblocker.skyblock.tabhud.screenbuilder,ScreenBuilder,Cyclic-Dependent Modularization
forkassn3,de.hysky.skyblocker.skyblock.tabhud.screenbuilder,ScreenMaster,Cyclic-Dependent Modularization
forkassn3,de.hysky.skyblocker.skyblock.entity,MobBoundingBoxes,Cyclic-Dependent Modularization
forkassn3,de.hysky.skyblocker.skyblock.entity,MobGlow,Cyclic-Dependent Modularization
forkassn3,de.hysky.skyblocker.skyblock.itemlist,SkyblockCraftingRecipe,Cyclic-Dependent Modularization
forkassn3,de.hysky.skyblocker.skyblock.itemlist,ResultButtonWidget,Unutilized Abstraction
forkassn3,de.hysky.skyblocker.skyblock.itemlist,ItemStackBuilder,Deficient Encapsulation
forkassn3,de.hysky.skyblocker.skyblock.itemlist,ItemStackBuilder,Cyclic-Dependent Modularization
forkassn3,de.hysky.skyblocker.skyblock.itemlist,ItemListWidget,Cyclic-Dependent Modularization
forkassn3,de.hysky.skyblocker.skyblock.itemlist,UpcomingEventsTab,Cyclic-Dependent Modularization
forkassn3,de.hysky.skyblocker.skyblock.itemlist,ItemRepository,Cyclic-Dependent Modularization
forkassn3,de.hysky.skyblocker.skyblock.itemlist,ItemListTab,Cyclic-Dependent Modularization
forkassn3,de.hysky.skyblocker.skyblock.fancybars,StatusBarsConfigScreen,Deficient Encapsulation
forkassn3,de.hysky.skyblocker.skyblock.fancybars,StatusBarsConfigScreen,Cyclic-Dependent Modularization
forkassn3,de.hysky.skyblocker.skyblock.fancybars,EditBarColorPopup,Unutilized Abstraction
forkassn3,de.hysky.skyblocker.skyblock.fancybars,FancyStatusBars,Deficient Encapsulation
forkassn3,de.hysky.skyblocker.skyblock.fancybars,FancyStatusBars,Cyclic-Dependent Modularization
forkassn3,de.hysky.skyblocker.skyblock.fancybars,StatusBar,Deficient Encapsulation
forkassn3,de.hysky.skyblocker.skyblock.fancybars,StatusBar,Cyclic-Dependent Modularization
forkassn3,de.hysky.skyblocker.skyblock.fancybars,StatusBar,Insufficient Modularization
forkassn3,de.hysky.skyblocker.skyblock.fancybars,OnClick,Cyclic-Dependent Modularization
forkassn3,de.hysky.skyblocker.skyblock.fancybars,EditBarWidget,Deficient Encapsulation
forkassn3,de.hysky.skyblocker.skyblock.fancybars,EditBarWidget,Cyclic-Dependent Modularization
forkassn3,de.hysky.skyblocker.skyblock.fancybars,BarPositioner,Cyclic-Dependent Modularization
forkassn3,de.hysky.skyblocker.skyblock.fancybars,BarPositioner,Insufficient Modularization
forkassn3,de.hysky.skyblocker.skyblock.dungeon.puzzle.waterboard,Waterboard,Deficient Encapsulation
forkassn3,de.hysky.skyblocker.skyblock.dungeon.puzzle.waterboard,Waterboard,Cyclic-Dependent Modularization
forkassn3,de.hysky.skyblocker.skyblock.dungeon.puzzle.waterboard,Cell,Deficient Encapsulation
forkassn3,de.hysky.skyblocker.skyblock.dungeon.puzzle.waterboard,SwitchCell,Deficient Encapsulation
forkassn3,de.hysky.skyblocker.skyblock.dungeon.puzzle.waterboard,Switch,Deficient Encapsulation
forkassn3,de.hysky.skyblocker.skyblock.dungeon.puzzle.boulder,Boulder,Cyclic-Dependent Modularization
forkassn3,de.hysky.skyblocker.skyblock.dungeon.puzzle.boulder,AStarComparator,Unutilized Abstraction
forkassn3,de.hysky.skyblocker.skyblock.dungeon.terminal,OrderTerminal,Unutilized Abstraction
forkassn3,de.hysky.skyblocker.skyblock.dungeon.terminal,OrderTerminal,Broken Hierarchy
forkassn3,de.hysky.skyblocker.skyblock.dungeon.terminal,TerminalSolver,Unutilized Abstraction
forkassn3,de.hysky.skyblocker.skyblock.dungeon.terminal,StartsWithTerminal,Unutilized Abstraction
forkassn3,de.hysky.skyblocker.skyblock.dungeon.terminal,StartsWithTerminal,Broken Hierarchy
forkassn3,de.hysky.skyblocker.skyblock.dungeon.terminal,ColorTerminal,Unutilized Abstraction
forkassn3,de.hysky.skyblocker.skyblock.dungeon.terminal,ColorTerminal,Broken Hierarchy
forkassn3,de.hysky.skyblocker.skyblock.dungeon.terminal,LightsOnTerminal,Unutilized Abstraction
forkassn3,de.hysky.skyblocker.skyblock.dungeon.terminal,LightsOnTerminal,Broken Hierarchy
forkassn3,de.hysky.skyblocker.skyblock.dungeon.partyfinder,PartyEntry,Deficient Encapsulation
forkassn3,de.hysky.skyblocker.skyblock.dungeon.partyfinder,PartyEntry,Cyclic-Dependent Modularization
forkassn3,de.hysky.skyblocker.skyblock.dungeon.partyfinder,Player,Deficient Encapsulation
forkassn3,de.hysky.skyblocker.skyblock.dungeon.partyfinder,NoParties,Unutilized Abstraction
forkassn3,de.hysky.skyblocker.skyblock.dungeon.partyfinder,YourParty,Unutilized Abstraction
forkassn3,de.hysky.skyblocker.skyblock.dungeon.partyfinder,YourParty,Deficient Encapsulation
forkassn3,de.hysky.skyblocker.skyblock.dungeon.partyfinder,PartyEntryListWidget,Deficient Encapsulation
forkassn3,de.hysky.skyblocker.skyblock.dungeon.partyfinder,PartyEntryListWidget,Cyclic-Dependent Modularization
forkassn3,de.hysky.skyblocker.skyblock.dungeon.partyfinder,OptionDropdownWidget,Cyclic-Dependent Modularization
forkassn3,de.hysky.skyblocker.skyblock.dungeon.partyfinder,Option,Cyclic-Dependent Modularization
forkassn3,de.hysky.skyblocker.skyblock.dungeon.partyfinder,FinderSettingsContainer,Cyclic-Dependent Modularization
forkassn3,de.hysky.skyblocker.skyblock.dungeon.partyfinder,RangedValueWidget,Cyclic-Dependent Modularization
forkassn3,de.hysky.skyblocker.skyblock.dungeon.partyfinder,PartyFinderScreen,Deficient Encapsulation
forkassn3,de.hysky.skyblocker.skyblock.dungeon.partyfinder,PartyFinderScreen,Cyclic-Dependent Modularization
forkassn3,de.hysky.skyblocker.skyblock.dungeon.partyfinder,PartyFinderScreen,Insufficient Modularization
forkassn3,de.hysky.skyblocker.skyblock.special,SpecialEffects,Cyclic-Dependent Modularization
forkassn3,de.hysky.skyblocker.skyblock.end,BeaconHighlighter,Deficient Encapsulation
forkassn3,de.hysky.skyblocker.skyblock.end,BeaconHighlighter,Cyclic-Dependent Modularization
forkassn3,de.hysky.skyblocker.skyblock.end,EndHudConfigScreen,Unutilized Abstraction
forkassn3,de.hysky.skyblocker.skyblock.end,EndHudWidget,Deficient Encapsulation
forkassn3,de.hysky.skyblocker.skyblock.end,EndHudWidget,Cyclic-Dependent Modularization
forkassn3,de.hysky.skyblocker.skyblock.end,TheEnd,Deficient Encapsulation
forkassn3,de.hysky.skyblocker.skyblock.end,TheEnd,Cyclic-Dependent Modularization
forkassn3,de.hysky.skyblocker.skyblock.end,EnderNodes,Cyclic-Dependent Modularization
forkassn3,de.hysky.skyblocker.skyblock.profileviewer.slayers,SlayersPage,Unutilized Abstraction
forkassn3,de.hysky.skyblocker.skyblock.profileviewer.slayers,SlayerWidget,Unutilized Abstraction
forkassn3,de.hysky.skyblocker.skyblock.profileviewer,ProfileViewerScreen,Deficient Encapsulation
forkassn3,de.hysky.skyblocker.skyblock.profileviewer,ProfileViewerScreen,Cyclic-Dependent Modularization
forkassn3,de.hysky.skyblocker.skyblock.profileviewer,ProfileViewerTextWidget,Cyclic-Dependent Modularization
forkassn3,de.hysky.skyblocker.skyblock.profileviewer,ProfileViewerPage,Cyclic-Dependent Modularization
forkassn3,de.hysky.skyblocker.skyblock.profileviewer,ProfileViewerNavButton,Cyclic-Dependent Modularization
forkassn3,de.hysky.skyblocker.skyblock.profileviewer.utils,SubPageSelectButton,Cyclic-Dependent Modularization
forkassn3,de.hysky.skyblocker.skyblock.profileviewer.utils,LevelFinder,Deficient Encapsulation
forkassn3,de.hysky.skyblocker.skyblock.profileviewer.utils,LevelInfo,Unutilized Abstraction
forkassn3,de.hysky.skyblocker.skyblock.profileviewer.utils,LevelInfo,Deficient Encapsulation
forkassn3,de.hysky.skyblocker.skyblock.profileviewer.utils,ProfileViewerUtils,Deficient Encapsulation
forkassn3,de.hysky.skyblocker.skyblock.profileviewer.utils,ProfileViewerUtils,Cyclic-Dependent Modularization
forkassn3,de.hysky.skyblocker.skyblock.profileviewer.inventory,InventoryPage,Unutilized Abstraction
forkassn3,de.hysky.skyblocker.skyblock.profileviewer.inventory,Inventory,Unutilized Abstraction
forkassn3,de.hysky.skyblocker.skyblock.profileviewer.inventory,PlayerInventory,Unutilized Abstraction
forkassn3,de.hysky.skyblocker.skyblock.profileviewer.inventory.itemLoaders,InventoryItemLoader,Unutilized Abstraction
forkassn3,de.hysky.skyblocker.skyblock.profileviewer.inventory.itemLoaders,ItemLoader,Imperative Abstraction
forkassn3,de.hysky.skyblocker.skyblock.profileviewer.inventory.itemLoaders,BackpackItemLoader,Unutilized Abstraction
forkassn3,de.hysky.skyblocker.skyblock.profileviewer.inventory.itemLoaders,WardrobeInventoryItemLoader,Unutilized Abstraction
forkassn3,de.hysky.skyblocker.skyblock.profileviewer.inventory.itemLoaders,PetsInventoryItemLoader,Unutilized Abstraction
forkassn3,de.hysky.skyblocker.skyblock.profileviewer.dungeons,DungeonsPage,Unutilized Abstraction
forkassn3,de.hysky.skyblocker.skyblock.profileviewer.dungeons,DungeonsPage,Deficient Encapsulation
forkassn3,de.hysky.skyblocker.skyblock.profileviewer.dungeons,DungeonClassWidget,Unutilized Abstraction
forkassn3,de.hysky.skyblocker.skyblock.profileviewer.skills,SkillsPage,Unutilized Abstraction
forkassn3,de.hysky.skyblocker.skyblock.profileviewer.skills,SkillWidget,Unutilized Abstraction
forkassn3,de.hysky.skyblocker.skyblock.profileviewer.collections,CollectionsPage,Unutilized Abstraction
forkassn3,de.hysky.skyblocker.skyblock.barn,TreasureHunter,Unutilized Abstraction
forkassn3,de.hysky.skyblocker.skyblock.barn,HungryHiker,Unutilized Abstraction
forkassn3,de.hysky.skyblocker.skyblock.item.tooltip.adders,NpcPriceTooltip,Unutilized Abstraction
forkassn3,de.hysky.skyblocker.skyblock.item.tooltip.adders,AccessoryTooltip,Unutilized Abstraction
forkassn3,de.hysky.skyblocker.skyblock.item.tooltip.adders,MuseumTooltip,Unutilized Abstraction
forkassn3,de.hysky.skyblocker.skyblock.item.tooltip.adders,BazaarPriceTooltip,Deficient Encapsulation
forkassn3,de.hysky.skyblocker.skyblock.item.tooltip.adders,LBinTooltip,Deficient Encapsulation
forkassn3,de.hysky.skyblocker.skyblock.item.tooltip.adders,ObtainedDateTooltip,Cyclic-Dependent Modularization
forkassn3,de.hysky.skyblocker.skyblock.item.tooltip.adders,AvgBinTooltip,Unutilized Abstraction
forkassn3,de.hysky.skyblocker.skyblock.item.tooltip.adders,DungeonQualityTooltip,Unutilized Abstraction
forkassn3,de.hysky.skyblocker.skyblock.item.tooltip.adders,SupercraftReminder,Unutilized Abstraction
forkassn3,de.hysky.skyblocker.skyblock.item.tooltip.adders,CraftPriceTooltip,Cyclic-Dependent Modularization
forkassn3,de.hysky.skyblocker.skyblock.item.tooltip,AccessoriesHelper,Cyclic-Dependent Modularization
forkassn3,de.hysky.skyblocker.skyblock.item.tooltip,TooltipManager,Cyclic-Dependent Modularization
forkassn3,de.hysky.skyblocker.skyblock.item.tooltip,TooltipAdder,Deficient Encapsulation
forkassn3,de.hysky.skyblocker.skyblock.item.tooltip,CompactorDeletorPreview,Deficient Encapsulation
forkassn3,de.hysky.skyblocker.skyblock.item.tooltip,BackpackPreview,Cyclic-Dependent Modularization
forkassn3,de.hysky.skyblocker.skyblock.item.tooltip,Storage,Cyclic-Dependent Modularization
forkassn3,de.hysky.skyblocker.skyblock.item.tooltip,CompactorPreviewTooltipComponent,Unutilized Abstraction
forkassn3,de.hysky.skyblocker.skyblock.item.tooltip,ItemTooltip,Deficient Encapsulation
forkassn3,de.hysky.skyblocker.skyblock.item.tooltip,ItemTooltip,Cyclic-Dependent Modularization
forkassn3,de.hysky.skyblocker.skyblock.item.slottext.adders,Dungeoneering,Unutilized Abstraction
forkassn3,de.hysky.skyblocker.skyblock.item.slottext.adders,DungeonClasses,Unutilized Abstraction
forkassn3,de.hysky.skyblocker.skyblock.item.slottext.adders,ReadyUp,Unutilized Abstraction
forkassn3,de.hysky.skyblocker.skyblock.item.slottext.adders,AttributeShardAdder,Unutilized Abstraction
forkassn3,de.hysky.skyblocker.skyblock.item.slottext.adders,RancherBootsSpeedAdder,Unutilized Abstraction
forkassn3,de.hysky.skyblocker.skyblock.item.slottext.adders,YourEssenceAdder,Unutilized Abstraction
forkassn3,de.hysky.skyblocker.skyblock.item.slottext.adders,EssenceShopAdder,Unutilized Abstraction
forkassn3,de.hysky.skyblocker.skyblock.item.slottext.adders,SkillLevelAdder,Unutilized Abstraction
forkassn3,de.hysky.skyblocker.skyblock.item.slottext.adders,PetLevelAdder,Unutilized Abstraction
forkassn3,de.hysky.skyblocker.skyblock.item.slottext.adders,CollectionAdder,Unutilized Abstraction
forkassn3,de.hysky.skyblocker.skyblock.item.slottext.adders,StatsTuningAdder,Unutilized Abstraction
forkassn3,de.hysky.skyblocker.skyblock.item.slottext.adders,MinionLevelAdder,Unutilized Abstraction
forkassn3,de.hysky.skyblocker.skyblock.item.slottext.adders,PowerStonesGuideAdder,Unutilized Abstraction
forkassn3,de.hysky.skyblocker.skyblock.item.slottext.adders,PrehistoricEggAdder,Unutilized Abstraction
forkassn3,de.hysky.skyblocker.skyblock.item.slottext.adders,PotionLevelAdder,Unutilized Abstraction
forkassn3,de.hysky.skyblocker.skyblock.item.slottext.adders,SkyblockLevelAdder,Unutilized Abstraction
forkassn3,de.hysky.skyblocker.skyblock.item.slottext,SlotTextManager,Cyclic-Dependent Modularization
forkassn3,de.hysky.skyblocker.skyblock.calculators,CalculatorCommand,Cyclic-Dependent Modularization
forkassn3,de.hysky.skyblocker.skyblock.chocolatefactory,TimeTowerReminder,Cyclic-Dependent Modularization
forkassn3,de.hysky.skyblocker.skyblock.chocolatefactory,ChocolateFactorySolver,Cyclic-Dependent Modularization
forkassn3,de.hysky.skyblocker.skyblock.chocolatefactory,Tooltip,Cyclic-Dependent Modularization
forkassn3,de.hysky.skyblocker.skyblock.chocolatefactory,EggFinder,Deficient Encapsulation
forkassn3,de.hysky.skyblocker.skyblock.chocolatefactory,EggFinder,Cyclic-Dependent Modularization
forkassn3,de.hysky.skyblocker.skyblock.experiment,ChronomatronSolver,Unutilized Abstraction
forkassn3,de.hysky.skyblocker.skyblock.experiment,ChronomatronSolver,Deficient Encapsulation
forkassn3,de.hysky.skyblocker.skyblock.experiment,ChronomatronSolver,Broken Hierarchy
forkassn3,de.hysky.skyblocker.skyblock.experiment,UltrasequencerSolver,Deficient Encapsulation
forkassn3,de.hysky.skyblocker.skyblock.experiment,UltrasequencerSolver,Broken Hierarchy
forkassn3,de.hysky.skyblocker.skyblock.experiment,SuperpairsSolver,Unutilized Abstraction
forkassn3,de.hysky.skyblocker.skyblock.experiment,SuperpairsSolver,Broken Hierarchy
forkassn3,de.hysky.skyblocker.skyblock.events,EventNotifications,Deficient Encapsulation
forkassn3,de.hysky.skyblocker.skyblock.events,EventNotifications,Cyclic-Dependent Modularization
forkassn3,de.hysky.skyblocker.skyblock.events,JacobEventToast,Unutilized Abstraction
forkassn3,de.hysky.skyblocker.skyblock.events,EventToast,Unutilized Abstraction
forkassn3,de.hysky.skyblocker.skyblock.quicknav,QuickNavButton,Unutilized Abstraction
forkassn3,de.hysky.skyblocker.debug,SnapshotDebug,Cyclic-Dependent Modularization
forkassn3,de.hysky.skyblocker.debug,Debug,Cyclic-Dependent Modularization
