Project Name,Package Name,Type Name,NOF,NOPF,NOM,NOPM,LOC,WMC,NC,DIT,LCOM,FANIN,FANOUT
forkassn3,de.hysky.skyblocker.config.datafixer,ConfigDataFixerTest,1,0,3,1,17,3,0,0,0.6666666666666666,1,2
forkassn3,de.hysky.skyblocker.config.datafixer,ConfigFix2QuickNav,0,0,4,1,14,4,0,1,-1.0,0,1
forkassn3,de.hysky.skyblocker.config.datafixer,ConfigDataFix,0,0,2,1,8,2,2,0,-1.0,0,0
forkassn3,de.hysky.skyblocker.config.datafixer,ConfigSchema,0,0,4,4,14,4,0,0,-1.0,0,1
forkassn3,de.hysky.skyblocker.config.datafixer,ConfigDataFixer,3,1,7,4,56,10,0,0,0.0,6,4
forkassn3,de.hysky.skyblocker.config.datafixer,ConfigFix1,0,0,17,1,69,18,0,1,-1.0,0,2
forkassn3,de.hysky.skyblocker.utils,RomanNumeralsTest,0,0,2,0,26,3,0,0,-1.0,0,1
forkassn3,de.hysky.skyblocker.utils,ConstantsTest,0,0,1,0,8,2,0,0,-1.0,0,1
forkassn3,de.hysky.skyblocker.utils,CalculatorTest,0,0,4,0,19,4,0,0,-1.0,0,1
forkassn3,de.hysky.skyblocker.utils,InstancedUtilsTest,3,0,10,3,64,10,0,0,1.0,0,2
forkassn3,de.hysky.skyblocker.utils,Vector3i,3,0,4,3,34,4,0,0,1.0,1,1
forkassn3,de.hysky.skyblocker.utils,PosUtilsTest,0,0,3,0,11,3,0,0,-1.0,0,2
forkassn3,de.hysky.skyblocker.utils,ItemUtilsTest,5,0,6,1,39,6,0,0,0.3333333333333333,0,2
forkassn3,de.hysky.skyblocker.utils,ColorUtils,0,0,2,2,16,2,0,0,-1.0,6,0
forkassn3,de.hysky.skyblocker.utils,ApiUtils,2,0,3,2,36,7,0,0,0.0,4,3
forkassn3,de.hysky.skyblocker.utils,Resettable,0,0,2,0,6,2,0,0,-1.0,0,0
forkassn3,de.hysky.skyblocker.utils,Boxes,0,0,8,8,50,8,0,0,-1.0,1,1
forkassn3,de.hysky.skyblocker.utils,InstancedUtils,4,0,5,3,64,9,0,0,0.0,3,1
forkassn3,de.hysky.skyblocker.utils,ReconfiguringPlaceholderScreen,1,0,2,2,15,3,0,1,0.0,0,0
forkassn3,de.hysky.skyblocker.utils,FileUtils,1,0,2,2,32,5,0,0,1.0,3,0
forkassn3,de.hysky.skyblocker.utils,ProfileUtils,4,3,2,2,36,4,0,0,0.0,3,4
forkassn3,de.hysky.skyblocker.utils,JoinWorldPlaceholderScreen,0,0,1,1,5,1,0,1,-1.0,0,0
forkassn3,de.hysky.skyblocker.utils,Utils,24,3,39,30,441,86,0,0,0.15384615384615385,108,7
forkassn3,de.hysky.skyblocker.utils,ApiAuthentication,7,0,7,2,81,9,0,0,0.5714285714285714,1,4
forkassn3,de.hysky.skyblocker.utils,ItemUtils,6,5,18,18,154,31,0,0,0.2777777777777778,60,3
forkassn3,de.hysky.skyblocker.utils,Tickable,0,0,1,0,3,1,0,0,-1.0,0,0
forkassn3,de.hysky.skyblocker.utils,BasePlaceholderScreen,0,0,3,3,9,3,2,0,-1.0,0,0
forkassn3,de.hysky.skyblocker.utils,Http,4,0,18,14,103,22,0,0,0.4444444444444444,12,3
forkassn3,de.hysky.skyblocker.utils,SlayerUtils,1,0,3,3,33,10,0,0,0.6666666666666666,5,2
forkassn3,de.hysky.skyblocker.utils,RegexUtils,0,0,6,6,43,9,0,0,-1.0,3,1
forkassn3,de.hysky.skyblocker.utils,NEURepoManager,5,2,6,3,89,9,0,0,0.3333333333333333,9,6
forkassn3,de.hysky.skyblocker.utils,Calculator,5,1,6,1,53,9,0,0,0.5,4,3
forkassn3,de.hysky.skyblocker.utils,Token,3,1,0,0,5,0,0,0,-1.0,1,0
forkassn3,de.hysky.skyblocker.utils,PosUtils,1,1,3,3,13,3,0,0,1.0,5,0
forkassn3,de.hysky.skyblocker.utils,RomanNumerals,0,0,4,2,40,11,0,0,-1.0,6,1
forkassn3,de.hysky.skyblocker.utils,SkyblockTime,6,4,7,2,35,7,0,0,0.2857142857142857,2,2
forkassn3,de.hysky.skyblocker.utils,Constants,12,0,0,0,24,0,0,0,-1.0,37,0
forkassn3,de.hysky.skyblocker.utils.chat,ChatPatternListenerTest,1,0,5,2,19,5,0,0,0.4,1,0
forkassn3,de.hysky.skyblocker.utils.chat,ChatPatternListener,2,1,4,2,18,6,0,1,0.0,0,0
forkassn3,de.hysky.skyblocker.utils.chat,ChatMessageListener,1,0,2,0,48,8,1,0,-1.0,1,1
forkassn3,de.hysky.skyblocker.utils.datafixer,ItemStackComponentizationFixerTest,3,0,8,1,49,8,0,0,0.625,0,1
forkassn3,de.hysky.skyblocker.utils.datafixer,ItemStackComponentizationFixer,3,0,4,4,53,5,0,0,0.0,4,1
forkassn3,de.hysky.skyblocker.utils.datafixer,JsonHelper,0,0,3,3,67,15,0,0,-1.0,1,0
forkassn3,de.hysky.skyblocker.utils.scheduler,SchedulerTest,9,0,2,1,95,3,0,0,0.0,0,1
forkassn3,de.hysky.skyblocker.utils.scheduler,MessageScheduler,3,1,5,2,60,9,0,1,0.4,13,2
forkassn3,de.hysky.skyblocker.utils.scheduler,Scheduler,5,1,16,11,143,24,1,0,0.5625,38,1
forkassn3,de.hysky.skyblocker.utils.waypoint,WaypointTest,2,0,7,0,49,7,0,0,0.0,0,1
forkassn3,de.hysky.skyblocker.utils.waypoint,WaypointCategoryTest,0,0,3,0,18,3,0,0,-1.0,0,1
forkassn3,de.hysky.skyblocker.utils.waypoint,ProfileAwareWaypointTest,0,0,2,0,29,2,0,0,-1.0,0,1
forkassn3,de.hysky.skyblocker.utils.waypoint,WaypointsTest,0,0,6,1,36,6,0,0,-1.0,0,1
forkassn3,de.hysky.skyblocker.utils.waypoint,NamedWaypoint,4,4,18,17,69,20,0,1,0.0,5,3
forkassn3,de.hysky.skyblocker.utils.waypoint,ProfileAwareWaypoint,3,1,6,6,25,6,0,1,0.0,1,1
forkassn3,de.hysky.skyblocker.utils.waypoint,Waypoint,10,4,22,22,85,22,2,0,0.18181818181818182,14,0
forkassn3,de.hysky.skyblocker,MixinsTest,0,0,2,2,10,2,0,0,-1.0,0,0
forkassn3,de.hysky.skyblocker,SkyblockerMod,9,8,4,4,138,4,0,0,0.0,74,68
forkassn3,de.hysky.skyblocker,SkyblockerScreen,15,0,9,4,97,9,0,0,0.7777777777777778,1,4
forkassn3,de.hysky.skyblocker,IconTextWidget,1,0,3,1,26,3,0,0,0.0,0,0
forkassn3,de.hysky.skyblocker.skyblock.filters,ComboFilterTest,0,0,6,1,20,6,0,1,-1.0,0,0
forkassn3,de.hysky.skyblocker.skyblock.filters,AbilityFilterTest,0,0,3,1,11,3,0,1,-1.0,0,0
forkassn3,de.hysky.skyblocker.skyblock.filters,AdFilterTest,0,0,11,1,39,11,0,0,-1.0,0,0
forkassn3,de.hysky.skyblocker.skyblock.filters,AoteFilterTest,0,0,2,1,8,2,0,1,-1.0,0,0
forkassn3,de.hysky.skyblocker.skyblock.filters,ChatFilterTest,0,0,1,1,5,1,6,0,-1.0,0,0
forkassn3,de.hysky.skyblocker.skyblock.filters,TeleportPadFilterTest,0,0,3,1,11,3,0,1,-1.0,0,0
forkassn3,de.hysky.skyblocker.skyblock.filters,AutopetFilterTest,0,0,2,1,8,2,0,0,-1.0,0,0
forkassn3,de.hysky.skyblocker.skyblock.filters,HealFilterTest,0,0,3,1,11,3,0,1,-1.0,0,0
forkassn3,de.hysky.skyblocker.skyblock.filters,ImplosionFilterTest,0,0,3,1,11,3,0,1,-1.0,0,0
forkassn3,de.hysky.skyblocker.skyblock.filters,ShowOffFilterTest,0,0,8,1,26,8,0,0,-1.0,0,0
forkassn3,de.hysky.skyblocker.skyblock.filters,AoteFilter,0,0,2,2,8,2,0,1,-1.0,0,1
forkassn3,de.hysky.skyblocker.skyblock.filters,SimpleChatFilter,0,0,2,1,8,2,10,0,-1.0,0,0
forkassn3,de.hysky.skyblocker.skyblock.filters,ImplosionFilter,0,0,2,2,8,2,0,1,-1.0,0,1
forkassn3,de.hysky.skyblocker.skyblock.filters,AbilityFilter,0,0,2,1,8,2,0,1,-1.0,0,1
forkassn3,de.hysky.skyblocker.skyblock.filters,ShowOffFilter,1,0,2,1,9,2,0,1,1.0,0,2
forkassn3,de.hysky.skyblocker.skyblock.filters,MimicFilter,0,0,3,2,13,4,0,0,-1.0,0,3
forkassn3,de.hysky.skyblocker.skyblock.filters,ToggleSkyMallFilter,0,0,2,1,8,2,0,1,-1.0,0,1
forkassn3,de.hysky.skyblocker.skyblock.filters,DicerFilter,0,0,2,2,8,2,0,1,-1.0,0,1
forkassn3,de.hysky.skyblocker.skyblock.filters,MoltenWaveFilter,0,0,2,2,8,2,0,1,-1.0,0,1
forkassn3,de.hysky.skyblocker.skyblock.filters,DeathFilter,0,0,3,1,11,3,0,0,-1.0,0,1
forkassn3,de.hysky.skyblocker.skyblock.filters,AutopetFilter,0,0,3,3,15,5,0,0,-1.0,0,1
forkassn3,de.hysky.skyblocker.skyblock.filters,TeleportPadFilter,0,0,2,2,8,2,0,1,-1.0,0,1
forkassn3,de.hysky.skyblocker.skyblock.filters,HealFilter,0,0,2,2,8,2,0,1,-1.0,0,1
forkassn3,de.hysky.skyblocker.skyblock.filters,AdFilter,1,0,3,2,14,5,0,0,1.0,0,2
forkassn3,de.hysky.skyblocker.skyblock.filters,ComboFilter,0,0,2,2,8,2,0,1,-1.0,0,1
forkassn3,de.hysky.skyblocker.skyblock.dwarven,FetchurTest,0,0,2,2,8,2,0,0,-1.0,0,0
forkassn3,de.hysky.skyblocker.skyblock.dwarven,MetalDetectorTest,0,0,1,0,16,1,0,0,-1.0,0,1
forkassn3,de.hysky.skyblocker.skyblock.dwarven,CrystalsLocationManagerTest,0,0,2,0,17,2,0,0,-1.0,0,2
forkassn3,de.hysky.skyblocker.skyblock.dwarven,PuzzlerTest,0,0,2,1,8,2,0,0,-1.0,0,0
forkassn3,de.hysky.skyblocker.skyblock.dwarven,CrystalsHudTest,0,0,1,0,9,1,0,0,-1.0,0,1
forkassn3,de.hysky.skyblocker.skyblock.dwarven,GlaciteColdOverlay,4,0,5,2,51,11,0,0,0.4,2,4
forkassn3,de.hysky.skyblocker.skyblock.dwarven,DwarvenHudConfigScreen,1,0,5,1,27,6,0,0,0.8,0,6
forkassn3,de.hysky.skyblocker.skyblock.dwarven,CrystalsHud,5,1,6,2,91,12,0,0,0.3333333333333333,3,7
forkassn3,de.hysky.skyblocker.skyblock.dwarven,CrystalsHudConfigScreen,1,0,5,1,22,5,0,0,0.8,0,3
forkassn3,de.hysky.skyblocker.skyblock.dwarven,CommissionLabels,4,0,3,1,70,19,0,0,0.6666666666666666,1,3
forkassn3,de.hysky.skyblocker.skyblock.dwarven,Category,0,0,2,0,4,2,0,0,-1.0,1,0
forkassn3,de.hysky.skyblocker.skyblock.dwarven,MetalDetector,12,0,7,1,152,31,0,0,0.2857142857142857,2,6
forkassn3,de.hysky.skyblocker.skyblock.dwarven,CommissionHighlight,0,0,3,1,20,6,0,0,-1.0,0,2
forkassn3,de.hysky.skyblocker.skyblock.dwarven,CrystalsLocationsManager,5,0,12,5,124,28,0,0,0.16666666666666666,3,8
forkassn3,de.hysky.skyblocker.skyblock.dwarven,NucleusWaypoints,5,0,2,1,31,4,0,0,0.0,0,3
forkassn3,de.hysky.skyblocker.skyblock.dwarven,Waypoint,3,0,1,0,10,1,1,0,0.0,0,0
forkassn3,de.hysky.skyblocker.skyblock.dwarven,DwarvenHud,9,3,7,3,125,26,0,0,0.7142857142857143,2,10
forkassn3,de.hysky.skyblocker.skyblock.dwarven,Fetchur,2,0,3,3,34,4,0,0,1.0,0,1
forkassn3,de.hysky.skyblocker.skyblock.dwarven,Puzzler,0,0,3,3,21,9,0,0,-1.0,0,1
forkassn3,de.hysky.skyblocker.skyblock.dwarven,CrystalsWaypoint,8,1,8,4,50,8,0,1,0.25,2,2
forkassn3,de.hysky.skyblocker.skyblock.chat,ChatRuleTest,0,0,1,0,21,1,0,0,-1.0,0,1
forkassn3,de.hysky.skyblocker.skyblock.chat,ChatRulesHandlerTest,0,0,1,0,15,1,0,0,-1.0,0,1
forkassn3,de.hysky.skyblocker.skyblock.chat,ChatRulesHandler,6,0,6,1,107,19,0,0,0.3333333333333333,6,5
forkassn3,de.hysky.skyblocker.skyblock.chat,ChatRulesConfigScreen,2,0,5,4,58,9,0,0,0.6,1,1
forkassn3,de.hysky.skyblocker.skyblock.chat,ChatRule,14,1,30,1,193,47,0,0,0.0,5,1
forkassn3,de.hysky.skyblocker.skyblock.chat,ChatRuleAnnouncementScreen,3,0,3,1,33,4,0,0,0.0,2,2
forkassn3,de.hysky.skyblocker.skyblock.chat,ChatRulesConfigListWidget,10,0,20,12,123,23,0,0,0.3,3,6
forkassn3,de.hysky.skyblocker.skyblock.chat,AbstractChatRuleEntry,0,0,0,0,2,0,2,0,-1.0,1,1
forkassn3,de.hysky.skyblocker.skyblock.chat,ChatRuleLabelsEntry,0,0,3,3,13,3,0,1,-1.0,0,0
forkassn3,de.hysky.skyblocker.skyblock.chat,ChatRuleConfigEntry,8,0,10,7,72,12,0,1,0.2,1,2
forkassn3,de.hysky.skyblocker.skyblock.chat,ChatRuleConfigScreen,32,0,11,3,251,23,0,0,0.0,0,2
forkassn3,de.hysky.skyblocker.skyblock,StatusBarTrackerTest,1,0,9,0,49,10,0,0,0.0,0,1
forkassn3,de.hysky.skyblocker.skyblock,ChestValueTest,0,0,1,0,12,1,0,0,-1.0,0,1
forkassn3,de.hysky.skyblocker.skyblock,FishingHelper,4,0,6,6,72,15,0,0,0.3333333333333333,3,5
forkassn3,de.hysky.skyblocker.skyblock,PetDetails,6,0,7,7,34,7,0,0,0.0,1,0
forkassn3,de.hysky.skyblocker.skyblock,QuiverWarning,2,0,5,3,45,12,0,0,0.4,2,4
forkassn3,de.hysky.skyblocker.skyblock,TeleportOverlay,2,0,5,1,56,13,0,0,0.6,2,4
forkassn3,de.hysky.skyblocker.skyblock,CompactDamage,1,0,9,1,76,24,0,0,0.2222222222222222,2,3
forkassn3,de.hysky.skyblocker.skyblock,StatusBarTracker,7,0,12,6,91,20,0,0,0.25,3,2
forkassn3,de.hysky.skyblocker.skyblock,WarpAutocomplete,2,1,1,1,20,1,0,0,0.0,2,3
forkassn3,de.hysky.skyblocker.skyblock,Tips,3,0,14,3,66,15,0,0,0.42857142857142855,3,5
forkassn3,de.hysky.skyblocker.skyblock,PetCache,4,0,7,4,78,11,0,0,0.2857142857142857,6,5
forkassn3,de.hysky.skyblocker.skyblock,ChestValue,4,0,6,1,101,23,0,0,0.3333333333333333,3,5
forkassn3,de.hysky.skyblocker.skyblock.dungeon.puzzle,SilverfishTest,1,0,1,0,12,2,0,0,0.0,0,1
forkassn3,de.hysky.skyblocker.skyblock.dungeon.puzzle,ThreeWeirdosTest,0,0,2,0,8,2,0,0,-1.0,0,2
forkassn3,de.hysky.skyblocker.skyblock.dungeon.puzzle,IceFillTest,2,0,1,0,9,1,0,0,0.0,0,1
forkassn3,de.hysky.skyblocker.skyblock.dungeon.puzzle,TriviaTest,0,0,6,1,20,6,0,0,-1.0,0,0
forkassn3,de.hysky.skyblocker.skyblock.dungeon.puzzle,Trivia,3,0,5,3,84,10,0,0,0.8,0,3
forkassn3,de.hysky.skyblocker.skyblock.dungeon.puzzle,Silverfish,5,1,8,4,135,30,0,1,0.25,2,8
forkassn3,de.hysky.skyblocker.skyblock.dungeon.puzzle,DungeonPuzzle,3,0,4,4,39,6,6,0,0.0,0,4
forkassn3,de.hysky.skyblocker.skyblock.dungeon.puzzle,DungeonBlaze,8,0,9,3,116,19,0,1,0.3333333333333333,1,4
forkassn3,de.hysky.skyblocker.skyblock.dungeon.puzzle,IceFill,6,1,9,3,130,27,0,1,0.4444444444444444,2,8
forkassn3,de.hysky.skyblocker.skyblock.dungeon.puzzle,ThreeWeirdos,3,0,6,4,49,11,0,1,0.5,1,4
forkassn3,de.hysky.skyblocker.skyblock.dungeon.puzzle,CreeperBeams,14,5,13,8,134,30,0,1,0.23076923076923078,1,5
forkassn3,de.hysky.skyblocker.skyblock.dungeon.puzzle,Beam,6,5,4,4,34,5,0,0,0.0,2,2
forkassn3,de.hysky.skyblocker.skyblock.dungeon.puzzle,TicTacToe,4,0,4,3,40,9,0,1,0.75,1,5
forkassn3,de.hysky.skyblocker.skyblock.dungeon.secrets,SecretWaypointTest,1,0,7,1,48,8,0,0,0.8571428571428571,0,1
forkassn3,de.hysky.skyblocker.skyblock.dungeon.secrets,DungeonRoomsDFU,5,0,8,1,137,21,0,0,0.0,1,2
forkassn3,de.hysky.skyblocker.skyblock.dungeon.secrets,RoomTest,0,0,1,0,7,1,0,0,-1.0,0,1
forkassn3,de.hysky.skyblocker.skyblock.dungeon.secrets,DebugRoom,1,0,5,4,38,9,0,1,0.8,2,5
forkassn3,de.hysky.skyblocker.skyblock.dungeon.secrets,DungeonManager,16,0,42,16,545,87,0,0,0.14285714285714285,18,12
forkassn3,de.hysky.skyblocker.skyblock.dungeon.secrets,Room,31,0,44,13,480,80,1,0,0.13636363636363635,13,8
forkassn3,de.hysky.skyblocker.skyblock.dungeon.secrets,DirectionArgumentType,0,0,3,0,11,3,0,0,-1.0,0,0
forkassn3,de.hysky.skyblocker.skyblock.dungeon.secrets,SecretsTracker,5,0,10,1,84,16,0,0,0.6,2,8
forkassn3,de.hysky.skyblocker.skyblock.dungeon.secrets,SecretWaypoint,12,2,26,5,110,28,0,0,0.34615384615384615,4,3
forkassn3,de.hysky.skyblocker.skyblock.dungeon.secrets,CategoryArgumentType,0,0,3,0,11,3,0,0,-1.0,0,0
forkassn3,de.hysky.skyblocker.skyblock.dungeon.secrets,DungeonMapUtils,2,2,24,20,226,55,0,0,0.5,4,3
forkassn3,de.hysky.skyblocker.skyblock.dungeon,AcceptRepartyTest,0,0,4,1,16,4,0,0,-1.0,0,0
forkassn3,de.hysky.skyblocker.skyblock.dungeon,LividColor,6,2,6,5,61,13,0,0,0.3333333333333333,4,7
forkassn3,de.hysky.skyblocker.skyblock.dungeon,Reparty,7,1,5,3,69,14,0,0,0.0,0,4
forkassn3,de.hysky.skyblocker.skyblock.dungeon,OldLever,5,0,1,1,34,8,0,0,0.0,1,1
forkassn3,de.hysky.skyblocker.skyblock.dungeon,FireFreezeStaffTimer,1,0,4,1,32,8,0,0,0.5,2,3
forkassn3,de.hysky.skyblocker.skyblock.dungeon,GuardianHealth,4,0,5,1,47,11,0,0,0.4,2,4
forkassn3,de.hysky.skyblocker.skyblock.dungeon,DungeonScoreHUD,1,0,6,3,34,12,0,0,0.5,3,5
forkassn3,de.hysky.skyblocker.skyblock.dungeon,CroesusHelper,0,0,3,1,23,7,0,0,-1.0,0,2
forkassn3,de.hysky.skyblocker.skyblock.dungeon,DungeonMap,2,0,5,3,43,9,0,0,0.4,2,7
forkassn3,de.hysky.skyblocker.skyblock.dungeon,DungeonTextures,0,0,1,1,5,1,0,0,-1.0,1,1
forkassn3,de.hysky.skyblocker.skyblock.dungeon,DungeonMapConfigScreen,6,0,8,7,62,11,0,0,0.25,0,3
forkassn3,de.hysky.skyblocker.skyblock.dungeon,DungeonScore,31,0,31,10,283,79,0,0,0.0,6,9
forkassn3,de.hysky.skyblocker.skyblock.dungeon,CroesusProfit,2,0,5,1,214,22,0,0,0.6,0,2
forkassn3,de.hysky.skyblocker.skyblock.searchoverlay,SplitStringTest,0,0,3,0,20,3,0,0,-1.0,0,1
forkassn3,de.hysky.skyblocker.skyblock.searchoverlay,OverlayScreen,9,0,12,8,213,36,0,0,0.25,0,2
forkassn3,de.hysky.skyblocker.skyblock.searchoverlay,SearchOverManager,18,1,18,3,327,66,0,0,0.2222222222222222,5,5
forkassn3,de.hysky.skyblocker.skyblock.item,ArmorTrimIdSerializationTest,1,0,2,0,15,2,0,0,1.0,0,0
forkassn3,de.hysky.skyblocker.skyblock.item,ItemCooldowns,8,0,10,6,106,25,0,0,0.2,3,4
forkassn3,de.hysky.skyblocker.skyblock.item,SkyblockInventoryScreen,9,2,13,7,129,26,0,0,0.5384615384615384,0,5
forkassn3,de.hysky.skyblocker.skyblock.item,EquipmentSlot,0,0,3,3,11,3,0,0,-1.0,0,0
forkassn3,de.hysky.skyblocker.skyblock.item,CustomItemNames,0,0,3,1,40,7,0,0,-1.0,0,4
forkassn3,de.hysky.skyblocker.skyblock.item,MuseumItemCache,7,1,12,4,152,30,0,0,0.3333333333333333,2,6
forkassn3,de.hysky.skyblocker.skyblock.item,CustomArmorAnimatedDyes,8,0,10,4,112,21,0,0,0.4,2,8
forkassn3,de.hysky.skyblocker.skyblock.item,AnimatedDyeStateTracker,4,0,4,0,18,4,0,0,0.5,1,0
forkassn3,de.hysky.skyblocker.skyblock.item,CustomArmorDyeColors,0,0,4,2,52,10,0,0,-1.0,3,5
forkassn3,de.hysky.skyblocker.skyblock.item,CustomArmorTrims,4,2,9,4,91,18,0,0,0.6666666666666666,1,7
forkassn3,de.hysky.skyblocker.skyblock.item,WikiLookup,2,1,2,2,16,3,0,0,0.0,1,4
forkassn3,de.hysky.skyblocker.skyblock.item,SkyblockCraftingTableScreenHandler,3,1,5,4,60,12,0,0,0.8,1,2
forkassn3,de.hysky.skyblocker.skyblock.item,DisabledSlot,0,0,2,2,8,2,0,0,-1.0,1,0
forkassn3,de.hysky.skyblocker.skyblock.item,ItemRarityBackgrounds,4,1,4,2,46,11,0,0,0.0,7,6
forkassn3,de.hysky.skyblocker.skyblock.item,PlayerHeadHashCache,2,0,4,3,30,4,0,0,0.5,1,1
forkassn3,de.hysky.skyblocker.skyblock.item,SkyblockCraftingTableScreen,6,0,22,16,123,30,0,0,0.7272727272727273,0,3
forkassn3,de.hysky.skyblocker.skyblock.item,DummyRecipeScreenHandler,0,0,12,12,36,12,0,0,-1.0,0,0
forkassn3,de.hysky.skyblocker.skyblock.item,ItemProtection,1,1,6,4,78,16,0,0,0.6666666666666666,6,5
forkassn3,de.hysky.skyblocker.skyblock.item,HotbarSlotLock,1,1,3,3,18,5,0,0,0.0,4,2
forkassn3,de.hysky.skyblocker.skyblock.waypoint,MythologicalRitualTest,0,0,1,0,11,2,0,0,-1.0,0,1
forkassn3,de.hysky.skyblocker.skyblock.waypoint,OrderedWaypoints,18,0,20,3,260,39,0,0,0.4,1,7
forkassn3,de.hysky.skyblocker.skyblock.waypoint,OrderedWaypoint,7,0,5,2,27,5,0,0,0.8,1,2
forkassn3,de.hysky.skyblocker.skyblock.waypoint,Relics,5,0,7,1,112,23,0,0,0.2857142857142857,2,8
forkassn3,de.hysky.skyblocker.skyblock.waypoint,FairySouls,5,0,11,5,137,30,0,0,0.18181818181818182,3,9
forkassn3,de.hysky.skyblocker.skyblock.waypoint,MythologicalRitual,13,0,14,8,159,39,0,0,0.0,4,7
forkassn3,de.hysky.skyblocker.skyblock.waypoint,GriffinBurrow,7,0,3,1,19,3,0,0,0.6666666666666666,1,0
forkassn3,de.hysky.skyblocker.skyblock.waypoint,WaypointsListWidget,19,0,29,12,235,47,0,0,0.20689655172413793,3,5
forkassn3,de.hysky.skyblocker.skyblock.waypoint,AbstractWaypointEntry,0,0,0,0,2,0,2,0,-1.0,0,0
forkassn3,de.hysky.skyblocker.skyblock.waypoint,WaypointCategoryEntry,6,0,6,5,36,8,0,1,0.5,2,0
forkassn3,de.hysky.skyblocker.skyblock.waypoint,WaypointEntry,10,0,14,5,128,21,0,1,0.0,0,4
forkassn3,de.hysky.skyblocker.skyblock.waypoint,WaypointsScreen,2,0,7,3,49,8,0,1,1.0,1,2
forkassn3,de.hysky.skyblocker.skyblock.waypoint,DropdownWidget,9,1,15,10,98,20,0,0,0.4,3,1
forkassn3,de.hysky.skyblocker.skyblock.waypoint,Entry,2,0,5,5,27,7,0,0,0.6,0,1
forkassn3,de.hysky.skyblocker.skyblock.waypoint,AbstractWaypointsScreen,5,0,10,5,47,12,2,0,0.3,1,4
forkassn3,de.hysky.skyblocker.skyblock.waypoint,WaypointsShareScreen,1,0,6,2,61,8,0,1,0.6666666666666666,0,3
forkassn3,de.hysky.skyblocker.skyblock.waypoint,Waypoints,6,1,9,9,95,14,0,0,0.0,7,5
forkassn3,de.hysky.skyblocker.compatibility.rei,SkyblockCategory,0,0,5,5,47,9,0,0,-1.0,0,3
forkassn3,de.hysky.skyblocker.compatibility.rei,SkyblockCraftingDisplay,1,0,5,5,22,5,0,0,0.8,1,1
forkassn3,de.hysky.skyblocker.compatibility.rei,SkyblockCraftingDisplayGenerator,0,0,3,2,46,10,0,0,-1.0,0,2
forkassn3,de.hysky.skyblocker.compatibility.rei,SkyblockerREIClientPlugin,1,1,3,3,16,3,0,0,0.6666666666666666,2,2
forkassn3,de.hysky.skyblocker.compatibility.emi,SkyblockerEMIPlugin,2,2,1,1,17,1,0,0,0.0,1,2
forkassn3,de.hysky.skyblocker.compatibility.emi,SkyblockEmiRecipe,1,0,4,4,17,4,0,0,0.5,0,3
forkassn3,de.hysky.skyblocker.compatibility,MixinPlugin,1,0,7,7,20,7,0,0,1.0,0,0
forkassn3,de.hysky.skyblocker.compatibility.modmenu,ModMenuEntry,0,0,1,1,5,1,0,0,-1.0,0,0
forkassn3,de.hysky.skyblocker.mixins,DrawContextMixin,0,0,1,0,5,1,0,0,-1.0,0,2
forkassn3,de.hysky.skyblocker.mixins,GenericContainerScreenHandlerMixin,0,0,3,2,18,5,0,0,-1.0,0,1
forkassn3,de.hysky.skyblocker.mixins,SignEditScreenMixin,1,0,2,0,18,5,0,0,0.0,0,3
forkassn3,de.hysky.skyblocker.mixins,LeverBlockMixin,0,0,2,1,11,4,0,0,-1.0,0,2
forkassn3,de.hysky.skyblocker.mixins,LivingEntityRendererMixin,0,0,1,0,5,1,0,0,-1.0,0,2
forkassn3,de.hysky.skyblocker.mixins,ComponentHolderMixin,0,0,1,0,4,1,0,0,-1.0,0,0
forkassn3,de.hysky.skyblocker.mixins,AbstractInventoryScreenMixin,0,0,1,0,5,2,0,0,-1.0,0,2
forkassn3,de.hysky.skyblocker.mixins,EntityRenderDispatcherMixin,1,0,2,0,9,2,0,0,1.0,0,4
forkassn3,de.hysky.skyblocker.mixins,ScoreboardMixin,0,0,1,0,5,1,0,0,-1.0,0,1
forkassn3,de.hysky.skyblocker.mixins,SocialInteractionsPlayerListWidgetMixin,0,0,1,0,6,2,0,0,-1.0,0,1
forkassn3,de.hysky.skyblocker.mixins,FarmlandBlockMixin,1,0,3,1,12,3,0,0,1.0,0,2
forkassn3,de.hysky.skyblocker.mixins,MinecraftClientMixin,1,1,5,3,26,10,0,0,0.6,0,4
forkassn3,de.hysky.skyblocker.mixins,InGameHudMixin,6,0,14,1,79,28,0,0,1.0,0,10
forkassn3,de.hysky.skyblocker.mixins,YggdrasilServicesKeyInfoMixin,3,0,2,0,34,5,0,0,1.0,0,1
forkassn3,de.hysky.skyblocker.mixins,ItemStackMixin,4,0,15,5,135,40,0,0,0.26666666666666666,0,4
forkassn3,de.hysky.skyblocker.mixins,InventoryScreenMixin,0,0,3,0,13,5,0,0,-1.0,0,2
forkassn3,de.hysky.skyblocker.mixins,HandledScreenMixin,6,0,14,3,143,44,0,0,0.42857142857142855,0,16
forkassn3,de.hysky.skyblocker.mixins,ClientPlayNetworkHandlerMixin,2,0,13,0,64,18,0,0,1.0,0,12
forkassn3,de.hysky.skyblocker.mixins,WorldRendererMixin,0,0,3,0,17,4,0,0,-1.0,0,3
forkassn3,de.hysky.skyblocker.mixins,RenderFishMixin,0,0,1,0,7,2,0,0,-1.0,0,2
forkassn3,de.hysky.skyblocker.mixins,CommandTreeS2CPacketMixin,0,0,1,1,8,2,0,0,-1.0,0,2
forkassn3,de.hysky.skyblocker.mixins,HandledScreenProviderMixin,0,0,1,0,24,10,0,0,-1.0,0,2
forkassn3,de.hysky.skyblocker.mixins,PingMeasurerMixin,0,0,1,0,8,2,0,0,-1.0,0,2
forkassn3,de.hysky.skyblocker.mixins,WindowMixin,0,0,1,1,5,1,0,0,-1.0,0,1
forkassn3,de.hysky.skyblocker.mixins,ClientWorldMixin,0,0,1,0,7,2,0,0,-1.0,0,2
forkassn3,de.hysky.skyblocker.mixins,MouseMixin,0,0,1,1,6,2,0,0,-1.0,0,1
forkassn3,de.hysky.skyblocker.mixins,PlayerSkinTextureMixin,2,0,2,0,13,3,0,0,0.0,0,3
forkassn3,de.hysky.skyblocker.mixins,ClientPlayerEntityMixin,1,0,4,4,41,12,0,0,1.0,0,7
forkassn3,de.hysky.skyblocker.mixins,PlayerInventoryMixin,1,1,1,0,6,1,0,0,0.0,0,1
forkassn3,de.hysky.skyblocker.mixins,PlayerListHudMixin,1,0,1,1,24,3,0,0,0.0,0,5
forkassn3,de.hysky.skyblocker.mixins,DataTrackerMixin,1,0,2,1,9,3,0,0,1.0,0,1
forkassn3,de.hysky.skyblocker.mixins,YggdrasilMinecraftSessionServiceMixin,0,0,1,0,5,1,0,0,-1.0,0,1
forkassn3,de.hysky.skyblocker.mixins,BatEntityMixin,0,0,2,1,9,2,0,0,-1.0,0,1
forkassn3,de.hysky.skyblocker.mixins,InGameOverlayRendererMixin,0,0,2,0,8,2,0,0,-1.0,0,1
forkassn3,de.hysky.skyblocker.mixins,PlayerSkinProviderMixin,0,0,1,0,5,1,0,0,-1.0,0,1
forkassn3,de.hysky.skyblocker.mixins.accessors,ScreenAccessor,0,0,1,0,3,1,0,0,-1.0,0,0
forkassn3,de.hysky.skyblocker.mixins.accessors,MessageHandlerAccessor,0,0,1,0,3,1,0,0,-1.0,0,0
forkassn3,de.hysky.skyblocker.mixins.accessors,SkullBlockEntityAccessor,0,0,1,0,5,1,0,0,-1.0,2,0
forkassn3,de.hysky.skyblocker.mixins.accessors,EndermanEntityAccessor,0,0,1,0,5,1,0,0,-1.0,0,0
forkassn3,de.hysky.skyblocker.mixins.accessors,HandledScreenAccessor,0,0,6,0,8,6,0,0,-1.0,0,0
forkassn3,de.hysky.skyblocker.mixins.accessors,MinecraftClientAccessor,0,0,1,0,3,1,0,0,-1.0,0,0
forkassn3,de.hysky.skyblocker.mixins.accessors,FrustumInvoker,0,0,1,0,6,1,0,0,-1.0,0,0
forkassn3,de.hysky.skyblocker.mixins.accessors,DrawContextInvoker,0,0,2,0,4,2,0,0,-1.0,0,0
forkassn3,de.hysky.skyblocker.mixins.accessors,PlayerListHudAccessor,0,0,1,0,5,1,0,0,-1.0,2,0
forkassn3,de.hysky.skyblocker.mixins.accessors,BeaconBlockEntityRendererInvoker,0,0,1,0,5,1,0,0,-1.0,1,0
forkassn3,de.hysky.skyblocker.mixins.accessors,CheckboxWidgetAccessor,0,0,1,0,3,1,0,0,-1.0,0,0
forkassn3,de.hysky.skyblocker.mixins.accessors,RecipeBookWidgetAccessor,0,0,2,0,4,2,0,0,-1.0,0,0
forkassn3,de.hysky.skyblocker.mixins.accessors,WorldRendererAccessor,0,0,1,0,3,1,0,0,-1.0,0,0
forkassn3,de.hysky.skyblocker.mixins.accessors,SlotAccessor,0,0,2,0,4,2,0,0,-1.0,1,0
forkassn3,de.hysky.skyblocker.mixins.discordipc,ConnectionMixin,0,0,1,0,6,1,0,0,-1.0,0,1
forkassn3,de.hysky.skyblocker.config,SkyblockerConfigManager,3,1,5,4,31,6,0,0,0.4,151,1
forkassn3,de.hysky.skyblocker.config,ImageRepoLoader,5,0,6,1,95,12,0,0,0.3333333333333333,2,4
forkassn3,de.hysky.skyblocker.config,ConfigUtils,3,2,4,4,26,4,0,0,1.0,3,3
forkassn3,de.hysky.skyblocker.config,SkyblockerConfig,15,15,0,0,17,0,0,0,-1.0,19,1
forkassn3,de.hysky.skyblocker.config,HudConfigScreen,5,0,11,7,106,19,0,0,0.0,0,4
forkassn3,de.hysky.skyblocker.config.configs,UIAndVisualsConfig,66,66,3,3,113,3,0,0,1.0,6,14
forkassn3,de.hysky.skyblocker.config.configs,ChestValue,3,3,0,0,5,0,0,0,-1.0,1,0
forkassn3,de.hysky.skyblocker.config.configs,ItemCooldown,1,1,0,0,3,0,0,0,-1.0,1,0
forkassn3,de.hysky.skyblocker.config.configs,TitleContainer,5,5,0,0,7,0,0,0,-1.0,1,0
forkassn3,de.hysky.skyblocker.config.configs,TabHudConf,5,5,0,0,7,0,0,0,-1.0,1,0
forkassn3,de.hysky.skyblocker.config.configs,FancyAuctionHouse,2,2,0,0,4,0,0,0,-1.0,1,0
forkassn3,de.hysky.skyblocker.config.configs,Bars,2,2,0,0,4,0,0,0,-1.0,1,1
forkassn3,de.hysky.skyblocker.config.configs,OldBarPositions,4,4,0,0,9,0,0,0,-1.0,2,0
forkassn3,de.hysky.skyblocker.config.configs,Waypoints,2,2,0,0,4,0,0,0,-1.0,1,1
forkassn3,de.hysky.skyblocker.config.configs,TeleportOverlay,6,6,0,0,8,0,0,0,-1.0,1,0
forkassn3,de.hysky.skyblocker.config.configs,SearchOverlay,8,8,0,0,10,0,0,0,-1.0,1,0
forkassn3,de.hysky.skyblocker.config.configs,InputCalculator,2,2,0,0,4,0,0,0,-1.0,1,0
forkassn3,de.hysky.skyblocker.config.configs,FlameOverlay,2,2,0,0,4,0,0,0,-1.0,1,0
forkassn3,de.hysky.skyblocker.config.configs,CompactDamage,5,5,0,0,7,0,0,0,-1.0,1,0
forkassn3,de.hysky.skyblocker.config.configs,HelperConfig,26,26,0,0,40,0,0,0,-1.0,5,7
forkassn3,de.hysky.skyblocker.config.configs,MythologicalRitual,1,1,0,0,3,0,0,0,-1.0,1,0
forkassn3,de.hysky.skyblocker.config.configs,Jerry,1,1,0,0,3,0,0,0,-1.0,1,0
forkassn3,de.hysky.skyblocker.config.configs,Experiments,3,3,0,0,5,0,0,0,-1.0,1,0
forkassn3,de.hysky.skyblocker.config.configs,Fishing,5,5,0,0,7,0,0,0,-1.0,1,0
forkassn3,de.hysky.skyblocker.config.configs,FairySouls,3,3,0,0,5,0,0,0,-1.0,1,0
forkassn3,de.hysky.skyblocker.config.configs,ChocolateFactory,6,6,0,0,8,0,0,0,-1.0,1,1
forkassn3,de.hysky.skyblocker.config.configs,DungeonsConfig,84,84,1,1,110,1,0,0,0.0,3,11
forkassn3,de.hysky.skyblocker.config.configs,DungeonMap,4,4,0,0,6,0,0,0,-1.0,2,0
forkassn3,de.hysky.skyblocker.config.configs,PuzzleSolvers,9,9,0,0,11,0,0,0,-1.0,1,0
forkassn3,de.hysky.skyblocker.config.configs,TheProfessor,2,2,0,0,4,0,0,0,-1.0,1,0
forkassn3,de.hysky.skyblocker.config.configs,Livid,4,4,0,0,6,0,0,0,-1.0,1,0
forkassn3,de.hysky.skyblocker.config.configs,Terminals,4,4,0,0,6,0,0,0,-1.0,1,0
forkassn3,de.hysky.skyblocker.config.configs,SecretWaypoints,16,16,0,0,18,0,0,0,-1.0,1,1
forkassn3,de.hysky.skyblocker.config.configs,MimicMessage,2,2,0,0,4,0,0,0,-1.0,1,0
forkassn3,de.hysky.skyblocker.config.configs,DoorHighlight,2,2,1,1,8,1,0,0,0.0,1,0
forkassn3,de.hysky.skyblocker.config.configs,DungeonScore,15,15,0,0,17,0,0,0,-1.0,1,0
forkassn3,de.hysky.skyblocker.config.configs,DungeonChestProfit,9,9,0,0,11,0,0,0,-1.0,1,0
forkassn3,de.hysky.skyblocker.config.configs,MiningConfig,34,34,2,2,58,2,0,0,1.0,3,7
forkassn3,de.hysky.skyblocker.config.configs,DwarvenMines,2,2,0,0,4,0,0,0,-1.0,1,0
forkassn3,de.hysky.skyblocker.config.configs,DwarvenHud,7,7,0,0,9,0,0,0,-1.0,1,0
forkassn3,de.hysky.skyblocker.config.configs,CrystalHollows,2,2,0,0,4,0,0,0,-1.0,1,0
forkassn3,de.hysky.skyblocker.config.configs,CrystalsHud,6,6,0,0,8,0,0,0,-1.0,1,0
forkassn3,de.hysky.skyblocker.config.configs,CrystalsWaypoints,2,2,0,0,4,0,0,0,-1.0,1,0
forkassn3,de.hysky.skyblocker.config.configs,CommissionWaypoints,5,5,0,0,7,0,0,0,-1.0,1,0
forkassn3,de.hysky.skyblocker.config.configs,Glacite,1,1,0,0,3,0,0,0,-1.0,1,0
forkassn3,de.hysky.skyblocker.config.configs,OtherLocationsConfig,21,21,0,0,33,0,0,0,-1.0,2,5
forkassn3,de.hysky.skyblocker.config.configs,Barn,2,2,0,0,4,0,0,0,-1.0,1,0
forkassn3,de.hysky.skyblocker.config.configs,Rift,5,5,0,0,7,0,0,0,-1.0,1,0
forkassn3,de.hysky.skyblocker.config.configs,TheEnd,7,7,0,0,9,0,0,0,-1.0,1,0
forkassn3,de.hysky.skyblocker.config.configs,SpidersDen,1,1,0,0,3,0,0,0,-1.0,1,1
forkassn3,de.hysky.skyblocker.config.configs,Relics,2,2,0,0,4,0,0,0,-1.0,2,0
forkassn3,de.hysky.skyblocker.config.configs,FarmingConfig,9,9,0,0,15,0,0,0,-1.0,0,2
forkassn3,de.hysky.skyblocker.config.configs,Garden,5,5,0,0,7,0,0,0,-1.0,1,1
forkassn3,de.hysky.skyblocker.config.configs,FarmingHud,3,3,0,0,5,0,0,0,-1.0,2,0
forkassn3,de.hysky.skyblocker.config.configs,ForagingConfig,1,1,0,0,5,0,0,0,-1.0,0,1
forkassn3,de.hysky.skyblocker.config.configs,Hunting,0,0,0,0,2,0,0,0,-1.0,1,0
forkassn3,de.hysky.skyblocker.config.configs,CrimsonIsleConfig,17,17,0,0,23,0,0,0,-1.0,1,3
forkassn3,de.hysky.skyblocker.config.configs,Kuudra,8,8,0,0,10,0,0,0,-1.0,1,1
forkassn3,de.hysky.skyblocker.config.configs,Dojo,7,7,0,0,9,0,0,0,-1.0,1,0
forkassn3,de.hysky.skyblocker.config.configs,ChatConfig,18,18,0,0,22,0,0,0,-1.0,0,1
forkassn3,de.hysky.skyblocker.config.configs,ChatRuleConfig,2,2,0,0,4,0,0,0,-1.0,1,0
forkassn3,de.hysky.skyblocker.config.configs,QuickNavigationConfig,22,22,5,5,48,5,0,0,0.4,2,2
forkassn3,de.hysky.skyblocker.config.configs,QuickNavItem,4,4,1,1,12,1,0,0,0.0,1,1
forkassn3,de.hysky.skyblocker.config.configs,ItemData,3,3,4,4,19,4,0,0,0.0,2,0
forkassn3,de.hysky.skyblocker.config.configs,SlayersConfig,17,17,0,0,23,0,0,0,-1.0,0,2
forkassn3,de.hysky.skyblocker.config.configs,EndermanSlayer,3,3,0,0,5,0,0,0,-1.0,1,0
forkassn3,de.hysky.skyblocker.config.configs,VampireSlayer,12,12,0,0,14,0,0,0,-1.0,1,0
forkassn3,de.hysky.skyblocker.config.configs,GeneralConfig,49,49,7,5,94,7,0,0,0.8571428571428571,4,10
forkassn3,de.hysky.skyblocker.config.configs,Shortcuts,3,3,0,0,5,0,0,0,-1.0,1,0
forkassn3,de.hysky.skyblocker.config.configs,QuiverWarning,3,3,0,0,5,0,0,0,-1.0,1,0
forkassn3,de.hysky.skyblocker.config.configs,ItemList,1,1,0,0,3,0,0,0,-1.0,1,0
forkassn3,de.hysky.skyblocker.config.configs,ItemTooltip,12,12,0,0,14,0,0,0,-1.0,3,0
forkassn3,de.hysky.skyblocker.config.configs,ItemInfoDisplay,5,5,0,0,7,0,0,0,-1.0,1,0
forkassn3,de.hysky.skyblocker.config.configs,ItemProtection,1,1,0,0,3,0,0,0,-1.0,1,0
forkassn3,de.hysky.skyblocker.config.configs,WikiLookup,2,2,0,0,4,0,0,0,-1.0,1,0
forkassn3,de.hysky.skyblocker.config.configs,SpecialEffects,1,1,0,0,3,0,0,0,-1.0,1,0
forkassn3,de.hysky.skyblocker.config.configs,Hitbox,2,2,0,0,4,0,0,0,-1.0,1,0
forkassn3,de.hysky.skyblocker.config.configs,EventNotificationsConfig,4,3,2,1,14,2,0,0,0.0,0,0
forkassn3,de.hysky.skyblocker.config.configs,MiscConfig,5,5,1,1,13,1,0,0,0.0,0,1
forkassn3,de.hysky.skyblocker.config.configs,RichPresence,4,4,0,0,6,0,0,0,-1.0,2,0
forkassn3,de.hysky.skyblocker.config.categories,DungeonsCategory,0,0,1,1,10,1,0,0,-1.0,0,2
forkassn3,de.hysky.skyblocker.config.categories,EventNotificationsCategory,1,0,2,1,23,6,0,0,0.0,1,3
forkassn3,de.hysky.skyblocker.config.categories,SlayersCategory,0,0,1,1,5,1,0,0,-1.0,0,1
forkassn3,de.hysky.skyblocker.config.categories,HelperCategory,0,0,1,1,5,1,0,0,-1.0,0,1
forkassn3,de.hysky.skyblocker.config.categories,ChatCategory,0,0,1,1,5,1,0,0,-1.0,0,1
forkassn3,de.hysky.skyblocker.config.categories,ForagingCategory,0,0,1,1,5,1,0,0,-1.0,0,1
forkassn3,de.hysky.skyblocker.config.categories,MiningCategory,0,0,1,1,5,1,0,0,-1.0,0,1
forkassn3,de.hysky.skyblocker.config.categories,CrimsonIsleCategory,0,0,1,1,5,1,0,0,-1.0,0,1
forkassn3,de.hysky.skyblocker.config.categories,OtherLocationsCategory,0,0,1,1,18,1,0,0,-1.0,0,3
forkassn3,de.hysky.skyblocker.config.categories,UIAndVisualsCategory,0,0,1,1,5,1,0,0,-1.0,0,2
forkassn3,de.hysky.skyblocker.config.categories,MiscCategory,0,0,1,1,5,1,0,0,-1.0,0,1
forkassn3,de.hysky.skyblocker.config.categories,GeneralCategory,0,0,1,1,5,1,0,0,-1.0,0,3
forkassn3,de.hysky.skyblocker.config.categories,QuickNavigationCategory,0,0,2,1,8,2,0,0,-1.0,0,2
forkassn3,de.hysky.skyblocker.config.categories,FarmingCategory,0,0,1,1,5,1,0,0,-1.0,0,1
forkassn3,de.hysky.skyblocker.utils.discord,DiscordRPCManager,5,5,6,4,81,15,0,0,0.3333333333333333,3,5
forkassn3,de.hysky.skyblocker.utils.config,DurationControllerWidget,0,0,4,3,20,5,0,0,-1.0,0,0
forkassn3,de.hysky.skyblocker.utils.tictactoe,TicTacToeUtils,0,0,4,1,92,32,0,0,-1.0,1,1
forkassn3,de.hysky.skyblocker.utils.render,RenderHelper,8,0,25,18,316,46,0,0,0.56,44,8
forkassn3,de.hysky.skyblocker.utils.render,SkyblockerRenderLayers,3,2,0,0,9,0,0,0,-1.0,1,0
forkassn3,de.hysky.skyblocker.utils.render,FrustumUtils,0,0,3,3,11,3,0,0,-1.0,3,1
forkassn3,de.hysky.skyblocker.utils.render,Renderable,0,0,1,0,3,1,0,0,-1.0,0,0
forkassn3,de.hysky.skyblocker.utils.render,MatrixHelper,0,0,2,0,19,2,0,0,-1.0,0,0
forkassn3,de.hysky.skyblocker.utils.render.culling,ReducedWorldProvider,0,0,1,1,8,1,0,1,-1.0,0,0
forkassn3,de.hysky.skyblocker.utils.render.culling,OcclusionCulling,3,0,3,3,18,3,0,0,0.0,2,1
forkassn3,de.hysky.skyblocker.utils.render.culling,OcclusionCuller,5,0,3,1,25,4,0,0,0.0,1,2
forkassn3,de.hysky.skyblocker.utils.render.culling,WorldProvider,2,0,3,3,15,3,1,0,0.0,1,0
forkassn3,de.hysky.skyblocker.utils.render.title,TitleContainerConfigScreen,7,0,10,6,95,14,0,0,0.4,0,4
forkassn3,de.hysky.skyblocker.utils.render.title,TitleContainer,1,0,7,5,112,19,0,0,0.2857142857142857,8,6
forkassn3,de.hysky.skyblocker.utils.render.title,Title,3,0,6,4,37,6,0,0,0.5,10,0
forkassn3,de.hysky.skyblocker.utils.render.gui,AbstractCustomHypixelGUI,1,1,8,5,34,10,0,0,0.625,0,1
forkassn3,de.hysky.skyblocker.utils.render.gui,AbstractPopupScreen,3,0,11,8,61,13,0,0,0.2727272727272727,0,0
forkassn3,de.hysky.skyblocker.utils.render.gui,EnterConfirmTextFieldWidget,1,0,4,4,23,6,0,0,0.0,2,0
forkassn3,de.hysky.skyblocker.utils.render.gui,SideTabButtonWidget,2,0,4,4,24,7,0,0,0.5,1,0
forkassn3,de.hysky.skyblocker.utils.render.gui,ContainerSolver,0,0,9,1,33,11,0,1,-1.0,2,1
forkassn3,de.hysky.skyblocker.utils.render.gui,AbstractContainerMatcher,1,1,3,0,16,3,1,0,0.6666666666666666,0,0
forkassn3,de.hysky.skyblocker.utils.render.gui,ContainerSolverManager,6,0,9,8,89,19,0,0,0.2222222222222222,1,3
forkassn3,de.hysky.skyblocker.injected,SkyblockerStack,0,0,3,0,11,3,0,0,-1.0,0,0
forkassn3,de.hysky.skyblocker.events,DungeonEvents,2,2,1,0,20,1,0,0,0.0,2,1
forkassn3,de.hysky.skyblocker.events,RoomMatched,0,0,1,0,3,1,0,0,-1.0,0,1
forkassn3,de.hysky.skyblocker.events,SkyblockEvents,4,4,4,0,42,4,0,0,1.0,9,1
forkassn3,de.hysky.skyblocker.events,SkyblockJoin,0,0,1,0,3,1,0,0,-1.0,0,0
forkassn3,de.hysky.skyblocker.events,SkyblockLeave,0,0,1,0,3,1,0,0,-1.0,0,0
forkassn3,de.hysky.skyblocker.events,SkyblockLocationChange,0,0,1,0,3,1,0,0,-1.0,0,0
forkassn3,de.hysky.skyblocker.events,ProfileChange,0,0,1,0,3,1,0,0,-1.0,0,0
forkassn3,de.hysky.skyblocker.events,HudRenderEvents,3,3,2,0,36,3,0,0,1.0,10,1
forkassn3,de.hysky.skyblocker.events,HudRenderStage,0,0,1,0,11,1,0,0,-1.0,1,0
forkassn3,de.hysky.skyblocker.skyblock.foraging,ModernForagingIsland,0,0,1,1,4,1,0,0,-1.0,0,0
forkassn3,de.hysky.skyblocker.skyblock.shortcut,ShortcutsConfigListWidget,11,0,37,17,185,42,0,0,0.21621621621621623,2,7
forkassn3,de.hysky.skyblocker.skyblock.shortcut,AbstractShortcutEntry,0,0,1,0,4,1,3,0,-1.0,1,0
forkassn3,de.hysky.skyblocker.skyblock.shortcut,ShortcutCategoryEntry,4,0,8,5,41,9,0,1,0.375,2,0
forkassn3,de.hysky.skyblocker.skyblock.shortcut,ShortcutLoadingEntry,1,0,6,5,23,6,0,1,0.5,0,0
forkassn3,de.hysky.skyblocker.skyblock.shortcut,ShortcutEntry,4,0,10,4,49,10,0,1,0.0,1,1
forkassn3,de.hysky.skyblocker.skyblock.shortcut,ShortcutsConfigScreen,7,0,8,5,78,15,0,0,0.5,1,2
forkassn3,de.hysky.skyblocker.skyblock.shortcut,Shortcuts,5,2,8,2,167,26,0,0,0.0,4,4
forkassn3,de.hysky.skyblocker.skyblock.mayors,JerryTimer,0,0,2,1,21,6,0,0,-1.0,1,4
forkassn3,de.hysky.skyblocker.skyblock.accessories.newyearcakes,NewYearCakeBagHelper,0,0,3,1,17,5,0,0,-1.0,0,2
forkassn3,de.hysky.skyblocker.skyblock.accessories.newyearcakes,NewYearCakesHelper,6,1,7,3,51,13,0,0,0.2857142857142857,3,3
forkassn3,de.hysky.skyblocker.skyblock.auction,SlotClickHandler,0,0,2,0,6,2,0,0,-1.0,5,0
forkassn3,de.hysky.skyblocker.skyblock.auction,AuctionHouseScreenHandler,0,0,4,4,37,7,0,0,-1.0,3,1
forkassn3,de.hysky.skyblocker.skyblock.auction,AuctionBrowserScreen,26,10,18,6,212,44,0,0,0.5555555555555556,0,8
forkassn3,de.hysky.skyblocker.skyblock.auction,ScaledTextButtonWidget,0,0,2,1,15,2,0,0,-1.0,0,0
forkassn3,de.hysky.skyblocker.skyblock.auction,EditBidPopup,6,0,9,4,75,16,0,0,0.0,0,3
forkassn3,de.hysky.skyblocker.skyblock.auction,AuctionViewScreen,16,3,12,6,196,44,0,0,0.16666666666666666,1,3
forkassn3,de.hysky.skyblocker.skyblock.auction.widgets,SortWidget,5,0,9,8,40,9,0,1,0.8888888888888888,2,4
forkassn3,de.hysky.skyblocker.skyblock.auction.widgets,AuctionTypeWidget,5,0,9,8,40,9,0,1,0.8888888888888888,2,4
forkassn3,de.hysky.skyblocker.skyblock.auction.widgets,CategoryTabWidget,2,0,4,4,24,6,0,0,0.5,1,1
forkassn3,de.hysky.skyblocker.skyblock.auction.widgets,RarityWidget,7,0,8,4,69,17,0,0,0.25,1,3
forkassn3,de.hysky.skyblocker.skyblock.auction.widgets,SliderWidget,5,0,13,4,72,19,2,0,0.6153846153846154,3,2
forkassn3,de.hysky.skyblocker.skyblock.auction.widgets,OptionInfo,0,0,6,0,11,6,0,0,-1.0,0,0
forkassn3,de.hysky.skyblocker.skyblock.crimson.kuudra,ArrowPoisonWarning,4,0,1,1,31,7,0,0,0.0,1,5
forkassn3,de.hysky.skyblocker.skyblock.crimson.kuudra,Kuudra,1,0,3,1,28,7,0,0,0.6666666666666666,3,2
forkassn3,de.hysky.skyblocker.skyblock.crimson.kuudra,KuudraWaypoints,12,0,5,0,102,23,0,0,0.4,1,8
forkassn3,de.hysky.skyblocker.skyblock.crimson.dojo,ForceTestHelper,3,0,7,0,54,14,0,0,0.42857142857142855,1,1
forkassn3,de.hysky.skyblocker.skyblock.crimson.dojo,TenacityTestHelper,3,0,6,0,69,16,0,0,0.0,2,2
forkassn3,de.hysky.skyblocker.skyblock.crimson.dojo,DojoManager,9,1,16,7,150,36,0,0,0.1875,8,9
forkassn3,de.hysky.skyblocker.skyblock.crimson.dojo,StaminaTestHelper,9,0,8,0,206,52,0,0,0.0,2,2
forkassn3,de.hysky.skyblocker.skyblock.crimson.dojo,MasteryTestHelper,5,0,3,0,42,9,0,0,0.0,1,2
forkassn3,de.hysky.skyblocker.skyblock.crimson.dojo,DisciplineTestHelper,3,0,2,0,40,6,0,0,0.0,0,1
forkassn3,de.hysky.skyblocker.skyblock.crimson.dojo,SwiftnessTestHelper,1,0,3,0,21,5,0,0,0.0,1,1
forkassn3,de.hysky.skyblocker.skyblock.crimson.dojo,ControlTestHelper,6,0,4,0,54,8,0,0,0.0,1,2
forkassn3,de.hysky.skyblocker.skyblock.rift,EnigmaSouls,8,0,6,0,99,20,0,0,0.0,1,7
forkassn3,de.hysky.skyblocker.skyblock.rift,TheRift,0,0,1,1,16,1,0,0,-1.0,1,2
forkassn3,de.hysky.skyblocker.skyblock.rift,MirrorverseWaypoints,8,0,3,0,48,8,0,0,0.6666666666666666,0,4
forkassn3,de.hysky.skyblocker.skyblock.rift,TwinClawsIndicator,2,0,1,0,29,7,0,0,0.0,0,7
forkassn3,de.hysky.skyblocker.skyblock.rift,EffigyWaypoints,4,0,2,0,42,11,0,0,0.0,0,3
forkassn3,de.hysky.skyblocker.skyblock.rift,StakeIndicator,1,0,1,0,16,3,0,0,0.0,0,6
forkassn3,de.hysky.skyblocker.skyblock.rift,ManiaIndicator,1,0,1,0,24,6,0,0,0.0,0,6
forkassn3,de.hysky.skyblocker.skyblock.rift,HealingMelonIndicator,1,0,1,1,16,3,0,0,0.0,1,5
forkassn3,de.hysky.skyblocker.skyblock.garden,FarmingHudWidget,4,2,3,2,47,7,0,0,0.6666666666666666,4,8
forkassn3,de.hysky.skyblocker.skyblock.garden,VisitorHelper,8,0,14,4,135,35,0,0,0.14285714285714285,3,6
forkassn3,de.hysky.skyblocker.skyblock.garden,FarmingHud,11,1,11,8,104,23,0,0,0.0,3,8
forkassn3,de.hysky.skyblocker.skyblock.garden,LowerSensitivity,1,0,3,3,23,7,0,0,0.0,3,4
forkassn3,de.hysky.skyblocker.skyblock.garden,FarmingHudConfigScreen,0,0,3,1,12,3,0,0,-1.0,0,2
forkassn3,de.hysky.skyblocker.skyblock.tabhud.widget,DungeonPlayerWidget,5,1,2,2,60,6,0,1,0.0,1,4
forkassn3,de.hysky.skyblocker.skyblock.tabhud.widget,ErrorWidget,2,0,3,3,15,3,0,1,0.0,0,1
forkassn3,de.hysky.skyblocker.skyblock.tabhud.widget,ElectionWidget,5,0,2,2,66,7,0,1,1.0,0,5
forkassn3,de.hysky.skyblocker.skyblock.tabhud.widget,VolcanoWidget,2,0,2,2,27,3,0,1,1.0,0,1
forkassn3,de.hysky.skyblocker.skyblock.tabhud.widget,DungeonDeathWidget,2,0,2,2,22,3,0,1,1.0,0,4
forkassn3,de.hysky.skyblocker.skyblock.tabhud.widget,MinionWidget,3,1,3,3,109,10,0,1,0.6666666666666666,0,2
forkassn3,de.hysky.skyblocker.skyblock.tabhud.widget,ProfileWidget,1,0,2,2,12,2,0,1,1.0,0,1
forkassn3,de.hysky.skyblocker.skyblock.tabhud.widget,IslandSelfWidget,2,0,2,2,17,4,0,1,1.0,0,1
forkassn3,de.hysky.skyblocker.skyblock.tabhud.widget,EffectWidget,1,0,2,2,41,7,0,1,1.0,0,3
forkassn3,de.hysky.skyblocker.skyblock.tabhud.widget,UpgradeWidget,1,0,2,2,26,6,0,1,1.0,0,3
forkassn3,de.hysky.skyblocker.skyblock.tabhud.widget,IslandGuestsWidget,2,0,2,2,25,6,0,1,1.0,0,1
forkassn3,de.hysky.skyblocker.skyblock.tabhud.widget,IslandOwnersWidget,2,0,2,2,35,6,0,1,1.0,0,2
forkassn3,de.hysky.skyblocker.skyblock.tabhud.widget,EssenceWidget,9,0,2,2,27,2,0,1,1.0,0,3
forkassn3,de.hysky.skyblocker.skyblock.tabhud.widget,SkillsWidget,2,0,2,2,43,4,0,1,1.0,0,6
forkassn3,de.hysky.skyblocker.skyblock.tabhud.widget,ServerWidget,1,0,2,2,11,2,0,1,1.0,0,1
forkassn3,de.hysky.skyblocker.skyblock.tabhud.widget,GardenServerWidget,3,0,2,2,37,5,0,1,1.0,0,4
forkassn3,de.hysky.skyblocker.skyblock.tabhud.widget,GardenSkillsWidget,4,0,2,2,66,7,0,1,1.0,0,6
forkassn3,de.hysky.skyblocker.skyblock.tabhud.widget,GardenVisitorsWidget,1,0,2,2,17,5,0,1,1.0,0,1
forkassn3,de.hysky.skyblocker.skyblock.tabhud.widget,TrapperWidget,1,0,2,2,9,2,0,1,1.0,0,1
forkassn3,de.hysky.skyblocker.skyblock.tabhud.widget,CameraPositionWidget,2,0,2,2,13,2,0,1,1.0,0,0
forkassn3,de.hysky.skyblocker.skyblock.tabhud.widget,GuestServerWidget,1,0,2,2,12,2,0,1,1.0,0,1
forkassn3,de.hysky.skyblocker.skyblock.tabhud.widget,SpidersDenServerWidget,3,0,7,5,52,8,0,1,0.2857142857142857,1,3
forkassn3,de.hysky.skyblocker.skyblock.tabhud.widget,DungeonPuzzleWidget,2,0,2,2,35,8,0,1,1.0,0,3
forkassn3,de.hysky.skyblocker.skyblock.tabhud.widget,DungeonDownedWidget,1,0,2,2,24,4,0,1,1.0,0,4
forkassn3,de.hysky.skyblocker.skyblock.tabhud.widget,ParkServerWidget,1,0,2,2,12,2,0,1,1.0,0,1
forkassn3,de.hysky.skyblocker.skyblock.tabhud.widget,ForgeWidget,1,0,2,2,69,14,0,1,1.0,0,3
forkassn3,de.hysky.skyblocker.skyblock.tabhud.widget,FireSaleWidget,2,0,2,2,32,6,0,1,1.0,0,4
forkassn3,de.hysky.skyblocker.skyblock.tabhud.widget,PowderWidget,1,0,2,2,10,2,0,1,1.0,0,1
forkassn3,de.hysky.skyblocker.skyblock.tabhud.widget,EmptyWidget,0,0,2,2,7,2,0,1,-1.0,1,0
forkassn3,de.hysky.skyblocker.skyblock.tabhud.widget,DungeonServerWidget,2,0,2,2,21,3,0,1,1.0,0,3
forkassn3,de.hysky.skyblocker.skyblock.tabhud.widget,DungeonSecretWidget,2,0,2,2,17,3,0,1,1.0,0,2
forkassn3,de.hysky.skyblocker.skyblock.tabhud.widget,JacobsContestWidget,3,1,2,2,36,6,0,1,1.0,2,4
forkassn3,de.hysky.skyblocker.skyblock.tabhud.widget,ReputationWidget,3,0,2,2,38,5,0,1,1.0,0,5
forkassn3,de.hysky.skyblocker.skyblock.tabhud.widget,Widget,13,0,24,21,161,30,41,0,0.125,15,4
forkassn3,de.hysky.skyblocker.skyblock.tabhud.widget,IslandServerWidget,1,0,2,2,13,2,0,1,1.0,0,1
forkassn3,de.hysky.skyblocker.skyblock.tabhud.widget,PlayerListWidget,1,0,2,2,32,7,0,1,1.0,0,4
forkassn3,de.hysky.skyblocker.skyblock.tabhud.widget,CookieWidget,2,0,2,2,27,5,0,1,1.0,0,2
forkassn3,de.hysky.skyblocker.skyblock.tabhud.widget,DungeonBuffWidget,1,0,3,3,36,12,0,1,0.6666666666666666,0,1
forkassn3,de.hysky.skyblocker.skyblock.tabhud.widget,QuestWidget,1,0,2,2,13,3,0,1,1.0,0,3
forkassn3,de.hysky.skyblocker.skyblock.tabhud.widget,EventWidget,2,0,2,2,15,2,0,1,0.0,0,3
forkassn3,de.hysky.skyblocker.skyblock.tabhud.widget,CommsWidget,2,0,2,2,29,6,0,1,1.0,0,4
forkassn3,de.hysky.skyblocker.skyblock.tabhud.widget,ComposterWidget,1,0,2,2,13,2,0,1,1.0,0,2
forkassn3,de.hysky.skyblocker.skyblock.tabhud.widget.rift,ShenWidget,1,0,2,2,9,2,0,0,1.0,0,1
forkassn3,de.hysky.skyblocker.skyblock.tabhud.widget.rift,GoodToKnowWidget,1,0,2,2,33,10,0,0,1.0,0,2
forkassn3,de.hysky.skyblocker.skyblock.tabhud.widget.rift,RiftProgressWidget,4,0,5,2,60,9,0,0,0.4,0,4
forkassn3,de.hysky.skyblocker.skyblock.tabhud.widget.rift,RiftServerInfoWidget,1,0,2,2,13,2,0,0,1.0,0,1
forkassn3,de.hysky.skyblocker.skyblock.tabhud.widget.rift,AdvertisementWidget,1,0,2,2,19,5,0,0,1.0,0,1
forkassn3,de.hysky.skyblocker.skyblock.tabhud.widget.rift,RiftProfileWidget,1,0,2,2,9,2,0,0,1.0,0,1
forkassn3,de.hysky.skyblocker.skyblock.tabhud.widget.rift,RiftStatsWidget,1,0,2,2,22,2,0,0,1.0,0,4
forkassn3,de.hysky.skyblocker.skyblock.tabhud.widget.component,IcoFatTextComponent,4,0,3,3,28,4,0,1,0.6666666666666666,1,1
forkassn3,de.hysky.skyblocker.skyblock.tabhud.widget.component,TableComponent,6,0,3,3,39,7,0,1,0.0,6,1
forkassn3,de.hysky.skyblocker.skyblock.tabhud.widget.component,ProgressComponent,10,0,4,4,49,5,0,1,0.5,7,1
forkassn3,de.hysky.skyblocker.skyblock.tabhud.widget.component,Component,6,2,3,3,17,3,6,0,1.0,5,0
forkassn3,de.hysky.skyblocker.skyblock.tabhud.widget.component,PlainTextComponent,1,0,2,2,17,3,0,1,0.0,3,0
forkassn3,de.hysky.skyblocker.skyblock.tabhud.widget.component,PlayerComponent,3,0,2,2,21,2,0,1,0.0,0,1
forkassn3,de.hysky.skyblocker.skyblock.tabhud.widget.component,IcoTextComponent,2,0,3,3,24,4,0,1,0.6666666666666666,15,1
forkassn3,de.hysky.skyblocker.skyblock.tabhud.widget.hud,HudCommsWidget,5,2,3,3,31,6,0,0,0.6666666666666666,3,4
forkassn3,de.hysky.skyblocker.skyblock.tabhud.widget.hud,HudPowderWidget,11,2,5,2,90,7,0,0,0.4,3,3
forkassn3,de.hysky.skyblocker.skyblock.tabhud.util,ScreenConst,3,2,1,1,8,1,0,0,0.0,3,1
forkassn3,de.hysky.skyblocker.skyblock.tabhud.util,Colors,0,0,1,1,9,1,0,0,-1.0,6,0
forkassn3,de.hysky.skyblocker.skyblock.tabhud.util,PlayerLocator,1,1,2,1,73,24,0,0,1.0,1,2
forkassn3,de.hysky.skyblocker.skyblock.tabhud.util,Ico,76,76,0,0,81,0,0,0,-1.0,53,0
forkassn3,de.hysky.skyblocker.skyblock.tabhud.util,PlayerListMgr,3,1,8,8,107,24,0,0,0.25,39,3
forkassn3,de.hysky.skyblocker.skyblock.tabhud,TabHud,4,4,1,1,11,1,0,0,0.0,3,0
forkassn3,de.hysky.skyblocker.skyblock.tabhud.screenbuilder.pipeline,StackStage,4,0,8,6,51,14,0,1,0.625,0,2
forkassn3,de.hysky.skyblocker.skyblock.tabhud.screenbuilder.pipeline,PipelineStage,2,0,1,1,5,1,4,0,0.0,1,0
forkassn3,de.hysky.skyblocker.skyblock.tabhud.screenbuilder.pipeline,AlignStage,2,0,4,3,23,6,0,1,0.75,0,1
forkassn3,de.hysky.skyblocker.skyblock.tabhud.screenbuilder.pipeline,PlaceStage,2,0,4,3,70,15,0,1,0.5,0,3
forkassn3,de.hysky.skyblocker.skyblock.tabhud.screenbuilder.pipeline,CollideStage,2,0,8,7,87,22,0,1,0.875,0,3
forkassn3,de.hysky.skyblocker.skyblock.tabhud.screenbuilder,ScreenBuilder,4,0,5,5,124,22,0,0,0.0,5,2
forkassn3,de.hysky.skyblocker.skyblock.tabhud.screenbuilder,ScreenMaster,5,0,5,5,85,19,0,0,0.4,3,5
forkassn3,de.hysky.skyblocker.skyblock.entity,MobBoundingBoxes,1,0,7,5,35,10,0,0,0.8571428571428571,2,3
forkassn3,de.hysky.skyblocker.skyblock.entity,MobGlow,0,0,7,6,71,19,0,0,-1.0,3,4
forkassn3,de.hysky.skyblocker.skyblock.itemlist,SkyblockCraftingRecipe,4,0,6,5,38,9,0,0,0.3333333333333333,4,2
forkassn3,de.hysky.skyblocker.skyblock.itemlist,ResultButtonWidget,2,0,6,3,30,7,0,0,0.5,0,0
forkassn3,de.hysky.skyblocker.skyblock.itemlist,ItemStackBuilder,5,2,4,3,84,12,0,0,0.0,2,5
forkassn3,de.hysky.skyblocker.skyblock.itemlist,ItemListWidget,7,0,8,8,79,20,2,0,0.5,3,4
forkassn3,de.hysky.skyblocker.skyblock.itemlist,TabContainerWidget,0,0,2,2,9,2,0,0,-1.0,1,0
forkassn3,de.hysky.skyblocker.skyblock.itemlist,SearchResultsWidget,19,0,12,7,186,39,0,0,0.16666666666666666,2,4
forkassn3,de.hysky.skyblocker.skyblock.itemlist,UpcomingEventsTab,7,0,16,13,103,27,0,1,0.5625,1,6
forkassn3,de.hysky.skyblocker.skyblock.itemlist,EventRenderer,2,0,6,6,45,12,0,0,0.0,1,2
forkassn3,de.hysky.skyblocker.skyblock.itemlist,ItemRepository,5,0,12,9,98,24,0,0,0.3333333333333333,15,6
forkassn3,de.hysky.skyblocker.skyblock.itemlist,ItemListTab,3,0,7,5,65,16,0,1,0.2857142857142857,1,3
forkassn3,de.hysky.skyblocker.skyblock.itemlist,ItemFixerUpper,27,0,1,1,78,24,0,0,0.0,2,0
forkassn3,de.hysky.skyblocker.skyblock.fancybars,StatusBarsConfigScreen,11,1,13,6,292,71,0,0,0.3076923076923077,2,5
forkassn3,de.hysky.skyblocker.skyblock.fancybars,EditBarColorPopup,6,0,12,6,75,13,0,0,0.16666666666666666,0,2
forkassn3,de.hysky.skyblocker.skyblock.fancybars,BasicColorSelector,3,0,8,5,42,8,0,0,0.25,1,1
forkassn3,de.hysky.skyblocker.skyblock.fancybars,FancyStatusBars,7,2,10,8,228,48,0,0,0.2,5,10
forkassn3,de.hysky.skyblocker.skyblock.fancybars,StatusBar,21,7,35,34,197,49,0,0,0.2,6,4
forkassn3,de.hysky.skyblocker.skyblock.fancybars,OnClick,0,0,1,0,3,1,0,0,-1.0,1,1
forkassn3,de.hysky.skyblocker.skyblock.fancybars,EditBarWidget,17,2,26,17,188,39,0,0,0.3076923076923077,1,4
forkassn3,de.hysky.skyblocker.skyblock.fancybars,EnumCyclingOption,3,0,6,4,32,8,0,0,0.3333333333333333,1,0
forkassn3,de.hysky.skyblocker.skyblock.fancybars,BooleanOption,2,0,6,4,29,9,0,0,0.5,1,0
forkassn3,de.hysky.skyblocker.skyblock.fancybars,ColorOption,3,0,7,4,34,9,0,0,0.42857142857142855,1,0
forkassn3,de.hysky.skyblocker.skyblock.fancybars,BarPositioner,7,0,24,20,229,34,0,0,0.25,3,3
forkassn3,de.hysky.skyblocker.skyblock.fancybars,AnchorPositionProvider,0,0,1,0,6,1,0,0,-1.0,1,0
forkassn3,de.hysky.skyblocker.skyblock.fancybars,AnchorHitboxProvider,0,0,1,0,8,1,0,0,-1.0,1,0
forkassn3,de.hysky.skyblocker.skyblock.dungeon.puzzle.waterboard,Waterboard,17,2,22,7,322,78,0,0,0.3181818181818182,2,14
forkassn3,de.hysky.skyblocker.skyblock.dungeon.puzzle.waterboard,Result,2,0,2,2,10,2,0,0,0.0,1,0
forkassn3,de.hysky.skyblocker.skyblock.dungeon.puzzle.waterboard,Cell,5,4,7,6,34,7,1,0,0.2857142857142857,3,2
forkassn3,de.hysky.skyblocker.skyblock.dungeon.puzzle.waterboard,SwitchCell,2,1,5,5,22,5,0,1,0.0,3,1
forkassn3,de.hysky.skyblocker.skyblock.dungeon.puzzle.waterboard,Switch,2,2,5,5,21,6,0,0,0.4,1,1
forkassn3,de.hysky.skyblocker.skyblock.dungeon.puzzle.boulder,BoulderBoard,3,0,9,8,102,15,0,0,0.0,1,0
forkassn3,de.hysky.skyblocker.skyblock.dungeon.puzzle.boulder,Boulder,6,0,8,6,142,25,0,0,0.375,2,8
forkassn3,de.hysky.skyblocker.skyblock.dungeon.puzzle.boulder,BoulderSolver,3,0,10,8,153,25,0,0,0.3,1,1
forkassn3,de.hysky.skyblocker.skyblock.dungeon.puzzle.boulder,AStarComparator,0,0,1,1,16,1,0,0,-1.0,0,0
forkassn3,de.hysky.skyblocker.skyblock.dungeon.puzzle.boulder,GameState,3,0,8,6,96,17,0,0,0.0,2,1
forkassn3,de.hysky.skyblocker.skyblock.dungeon.terminal,OrderTerminal,3,0,5,2,43,12,0,1,0.4,0,1
forkassn3,de.hysky.skyblocker.skyblock.dungeon.terminal,TerminalSolver,4,0,1,0,8,1,4,0,-1.0,0,1
forkassn3,de.hysky.skyblocker.skyblock.dungeon.terminal,StartsWithTerminal,2,0,9,1,81,19,0,1,0.6666666666666666,0,1
forkassn3,de.hysky.skyblocker.skyblock.dungeon.terminal,ColorTerminal,4,0,4,1,50,9,0,1,0.5,0,1
forkassn3,de.hysky.skyblocker.skyblock.dungeon.terminal,LightsOnTerminal,1,0,4,1,18,4,0,1,1.0,0,0
forkassn3,de.hysky.skyblocker.skyblock.dungeon.partyfinder,PartyEntry,23,7,13,12,246,54,2,0,0.46153846153846156,2,4
forkassn3,de.hysky.skyblocker.skyblock.dungeon.partyfinder,Player,4,4,2,1,15,2,0,0,0.0,1,0
forkassn3,de.hysky.skyblocker.skyblock.dungeon.partyfinder,NoParties,0,0,3,3,12,3,0,1,-1.0,0,0
forkassn3,de.hysky.skyblocker.skyblock.dungeon.partyfinder,YourParty,2,2,2,2,17,2,0,1,1.0,0,1
forkassn3,de.hysky.skyblocker.skyblock.dungeon.partyfinder,PartyEntryListWidget,4,1,12,9,55,15,0,0,0.5833333333333334,1,1
forkassn3,de.hysky.skyblocker.skyblock.dungeon.partyfinder,OptionDropdownWidget,10,0,21,16,145,39,0,0,0.2857142857142857,2,3
forkassn3,de.hysky.skyblocker.skyblock.dungeon.partyfinder,Option,3,0,7,7,45,12,0,0,0.42857142857142855,2,2
forkassn3,de.hysky.skyblocker.skyblock.dungeon.partyfinder,FinderSettingsContainer,8,0,15,7,238,76,0,0,0.2,1,4
forkassn3,de.hysky.skyblocker.skyblock.dungeon.partyfinder,RangedValueWidget,12,0,17,12,204,37,0,0,0.17647058823529413,1,2
forkassn3,de.hysky.skyblocker.skyblock.dungeon.partyfinder,ModifiedTextFieldWidget,1,0,3,3,17,5,0,0,0.6666666666666666,1,0
forkassn3,de.hysky.skyblocker.skyblock.dungeon.partyfinder,PartyFinderScreen,35,7,24,22,350,67,0,0,0.16666666666666666,9,5
forkassn3,de.hysky.skyblocker.skyblock.special,SpecialEffects,2,0,3,1,36,8,0,0,0.6666666666666666,2,4
forkassn3,de.hysky.skyblocker.skyblock.end,BeaconHighlighter,2,1,4,1,32,8,0,0,0.5,3,4
forkassn3,de.hysky.skyblocker.skyblock.end,EndHudConfigScreen,0,0,3,1,12,3,0,0,-1.0,0,2
forkassn3,de.hysky.skyblocker.skyblock.end,EndHudWidget,4,1,2,2,45,6,0,0,1.0,4,3
forkassn3,de.hysky.skyblocker.skyblock.end,TheEnd,12,7,13,7,187,41,0,0,0.15384615384615385,5,8
forkassn3,de.hysky.skyblocker.skyblock.end,EnderNodes,4,0,9,3,99,24,0,0,0.2222222222222222,3,6
forkassn3,de.hysky.skyblocker.skyblock.end,EnderNode,2,0,3,1,19,5,0,0,0.6666666666666666,1,2
forkassn3,de.hysky.skyblocker.skyblock.profileviewer.slayers,SlayersPage,3,0,3,2,28,5,0,0,0.0,0,1
forkassn3,de.hysky.skyblocker.skyblock.profileviewer.slayers,SlayerWidget,11,0,4,2,66,9,0,0,0.0,0,5
forkassn3,de.hysky.skyblocker.skyblock.profileviewer,ProfileViewerScreen,17,1,13,9,171,28,0,0,0.3076923076923077,11,10
forkassn3,de.hysky.skyblocker.skyblock.profileviewer,ProfileViewerTextWidget,5,0,2,2,31,2,0,0,0.0,1,3
forkassn3,de.hysky.skyblocker.skyblock.profileviewer,ProfileViewerPage,0,0,7,0,16,7,0,0,-1.0,4,1
forkassn3,de.hysky.skyblocker.skyblock.profileviewer,ProfileViewerNavButton,7,0,6,4,33,6,0,0,0.3333333333333333,1,2
forkassn3,de.hysky.skyblocker.skyblock.profileviewer.utils,SubPageSelectButton,5,0,7,4,38,9,0,0,0.42857142857142855,3,2
forkassn3,de.hysky.skyblocker.skyblock.profileviewer.utils,LevelFinder,17,5,16,3,161,33,0,0,0.75,6,1
forkassn3,de.hysky.skyblocker.skyblock.profileviewer.utils,LevelInfo,5,5,2,2,18,2,0,0,0.0,0,0
forkassn3,de.hysky.skyblocker.skyblock.profileviewer.utils,ProfileViewerUtils,1,1,2,2,30,5,0,0,1.0,5,1
forkassn3,de.hysky.skyblocker.skyblock.profileviewer.inventory,InventoryPage,7,0,6,6,70,18,0,0,0.0,0,4
forkassn3,de.hysky.skyblocker.skyblock.profileviewer.inventory,Inventory,10,0,8,8,86,16,0,0,0.0,0,4
forkassn3,de.hysky.skyblocker.skyblock.profileviewer.inventory,Pet,15,0,14,5,175,31,0,0,0.0,1,8
forkassn3,de.hysky.skyblocker.skyblock.profileviewer.inventory,PlayerInventory,4,0,4,2,51,10,0,0,0.0,0,2
forkassn3,de.hysky.skyblocker.skyblock.profileviewer.inventory,PaginationButton,4,0,4,2,33,7,0,0,0.5,1,1
forkassn3,de.hysky.skyblocker.skyblock.profileviewer.inventory.itemLoaders,InventoryItemLoader,1,0,1,1,21,4,0,1,0.0,0,0
forkassn3,de.hysky.skyblocker.skyblock.profileviewer.inventory.itemLoaders,ItemLoader,0,0,3,1,70,11,4,0,-1.0,2,7
forkassn3,de.hysky.skyblocker.skyblock.profileviewer.inventory.itemLoaders,BackpackItemLoader,0,0,1,1,22,3,0,1,-1.0,0,1
forkassn3,de.hysky.skyblocker.skyblock.profileviewer.inventory.itemLoaders,WardrobeInventoryItemLoader,2,0,2,2,27,4,0,1,0.0,0,1
forkassn3,de.hysky.skyblocker.skyblock.profileviewer.inventory.itemLoaders,PetsInventoryItemLoader,1,0,1,1,24,4,0,1,0.0,0,2
forkassn3,de.hysky.skyblocker.skyblock.profileviewer.dungeons,DungeonHeaderWidget,5,0,2,2,28,3,0,0,0.0,1,2
forkassn3,de.hysky.skyblocker.skyblock.profileviewer.dungeons,DungeonMiscStatsWidgets,8,0,2,2,39,5,0,0,0.0,1,2
forkassn3,de.hysky.skyblocker.skyblock.profileviewer.dungeons,DungeonsPage,6,1,2,2,24,4,0,0,0.0,0,3
forkassn3,de.hysky.skyblocker.skyblock.profileviewer.dungeons,DungeonClassWidget,12,0,2,2,41,4,0,0,0.0,0,5
forkassn3,de.hysky.skyblocker.skyblock.profileviewer.dungeons,DungeonFloorRunsWidget,4,0,3,2,59,10,0,0,0.0,1,1
forkassn3,de.hysky.skyblocker.skyblock.profileviewer.skills,SkillsPage,7,0,6,2,77,13,0,0,0.0,0,2
forkassn3,de.hysky.skyblocker.skyblock.profileviewer.skills,SkillWidget,10,0,2,2,43,7,0,0,0.0,0,5
forkassn3,de.hysky.skyblocker.skyblock.profileviewer.collections,GenericCategory,11,0,5,2,92,16,0,0,0.0,1,3
forkassn3,de.hysky.skyblocker.skyblock.profileviewer.collections,CollectionsPage,7,0,6,6,61,15,0,0,0.0,0,4
forkassn3,de.hysky.skyblocker.skyblock.barn,TreasureHunter,1,0,3,3,44,5,0,0,1.0,0,1
forkassn3,de.hysky.skyblocker.skyblock.barn,HungryHiker,1,0,3,3,30,5,0,0,1.0,0,2
forkassn3,de.hysky.skyblocker.skyblock.item.tooltip.adders,LineSmoothener,1,0,3,3,17,5,0,0,0.6666666666666666,3,1
forkassn3,de.hysky.skyblocker.skyblock.item.tooltip.adders,ColorTooltip,3,0,10,8,112,29,0,0,0.3,1,3
forkassn3,de.hysky.skyblocker.skyblock.item.tooltip.adders,NpcPriceTooltip,0,0,2,2,19,4,0,0,-1.0,0,1
forkassn3,de.hysky.skyblocker.skyblock.item.tooltip.adders,AccessoryTooltip,0,0,2,2,11,2,0,0,-1.0,0,1
forkassn3,de.hysky.skyblocker.skyblock.item.tooltip.adders,MuseumTooltip,0,0,2,2,11,3,0,0,-1.0,0,0
forkassn3,de.hysky.skyblocker.skyblock.item.tooltip.adders,BazaarPriceTooltip,1,1,2,2,28,7,0,0,1.0,1,1
forkassn3,de.hysky.skyblocker.skyblock.item.tooltip.adders,LBinTooltip,1,1,2,2,18,6,0,0,1.0,1,2
forkassn3,de.hysky.skyblocker.skyblock.item.tooltip.adders,ObtainedDateTooltip,2,0,3,3,32,7,0,0,0.6666666666666666,3,2
forkassn3,de.hysky.skyblocker.skyblock.item.tooltip.adders,AvgBinTooltip,0,0,2,2,26,8,0,0,-1.0,0,4
forkassn3,de.hysky.skyblocker.skyblock.item.tooltip.adders,MotesTooltip,0,0,3,2,23,5,0,0,-1.0,1,2
forkassn3,de.hysky.skyblocker.skyblock.item.tooltip.adders,DungeonQualityTooltip,0,0,3,2,31,9,0,0,-1.0,0,2
forkassn3,de.hysky.skyblocker.skyblock.item.tooltip.adders,SupercraftReminder,2,0,2,2,15,5,0,0,1.0,0,1
forkassn3,de.hysky.skyblocker.skyblock.item.tooltip.adders,CraftPriceTooltip,3,0,4,3,71,20,0,0,0.5,2,4
forkassn3,de.hysky.skyblocker.skyblock.item.tooltip,AccessoriesHelper,9,0,8,2,79,16,0,0,0.5,2,2
forkassn3,de.hysky.skyblocker.skyblock.item.tooltip,TooltipManager,2,0,4,2,43,9,0,0,0.5,2,3
forkassn3,de.hysky.skyblocker.skyblock.item.tooltip,TooltipAdder,1,1,4,1,29,4,0,0,0.5,1,0
forkassn3,de.hysky.skyblocker.skyblock.item.tooltip,DrawPreviewParameters,7,0,8,8,39,8,0,0,0.0,2,0
forkassn3,de.hysky.skyblocker.skyblock.item.tooltip,CompactorDeletorPreview,4,1,2,1,46,8,0,0,0.0,2,4
forkassn3,de.hysky.skyblocker.skyblock.item.tooltip,BackpackPreview,13,0,16,3,151,32,0,0,0.1875,3,8
forkassn3,de.hysky.skyblocker.skyblock.item.tooltip,Storage,4,0,7,0,34,8,0,0,0.0,1,1
forkassn3,de.hysky.skyblocker.skyblock.item.tooltip,CompactorPreviewTooltipComponent,5,0,4,3,46,8,0,0,0.0,0,0
forkassn3,de.hysky.skyblocker.skyblock.item.tooltip,ItemTooltip,5,2,4,4,88,19,0,0,0.75,6,5
forkassn3,de.hysky.skyblocker.skyblock.item.slottext.adders,CatacombsLevelAdder,1,0,8,7,33,10,0,0,1.0,1,0
forkassn3,de.hysky.skyblocker.skyblock.item.slottext.adders,Dungeoneering,1,0,2,2,8,2,0,0,1.0,0,0
forkassn3,de.hysky.skyblocker.skyblock.item.slottext.adders,DungeonClasses,0,0,2,2,7,2,0,0,-1.0,0,0
forkassn3,de.hysky.skyblocker.skyblock.item.slottext.adders,ReadyUp,0,0,2,2,7,2,0,0,-1.0,0,0
forkassn3,de.hysky.skyblocker.skyblock.item.slottext.adders,AttributeShardAdder,1,0,3,3,60,5,0,0,1.0,0,2
forkassn3,de.hysky.skyblocker.skyblock.item.slottext.adders,EnchantmentLevelAdder,0,0,3,2,27,8,0,0,-1.0,1,3
forkassn3,de.hysky.skyblocker.skyblock.item.slottext.adders,CommunityShopAdder,2,0,3,2,25,6,0,0,0.6666666666666666,1,1
forkassn3,de.hysky.skyblocker.skyblock.item.slottext.adders,RancherBootsSpeedAdder,1,0,2,2,15,5,0,0,1.0,0,1
forkassn3,de.hysky.skyblocker.skyblock.item.slottext.adders,YourEssenceAdder,1,0,2,2,25,6,0,0,1.0,0,1
forkassn3,de.hysky.skyblocker.skyblock.item.slottext.adders,EssenceShopAdder,3,0,2,2,28,6,0,0,1.0,0,2
forkassn3,de.hysky.skyblocker.skyblock.item.slottext.adders,SkillLevelAdder,0,0,2,2,7,2,0,0,-1.0,0,0
forkassn3,de.hysky.skyblocker.skyblock.item.slottext.adders,PetLevelAdder,0,0,2,2,13,5,0,0,-1.0,0,2
forkassn3,de.hysky.skyblocker.skyblock.item.slottext.adders,CollectionAdder,1,0,2,2,15,3,0,0,1.0,0,1
forkassn3,de.hysky.skyblocker.skyblock.item.slottext.adders,StatsTuningAdder,2,0,2,2,21,6,0,0,1.0,0,1
forkassn3,de.hysky.skyblocker.skyblock.item.slottext.adders,MinionLevelAdder,1,0,2,2,16,5,0,0,1.0,0,1
forkassn3,de.hysky.skyblocker.skyblock.item.slottext.adders,PowerStonesGuideAdder,1,0,2,2,20,4,0,0,1.0,0,1
forkassn3,de.hysky.skyblocker.skyblock.item.slottext.adders,PrehistoricEggAdder,0,0,1,1,14,5,0,0,-1.0,0,1
forkassn3,de.hysky.skyblocker.skyblock.item.slottext.adders,PotionLevelAdder,0,0,1,1,18,3,0,0,-1.0,0,1
forkassn3,de.hysky.skyblocker.skyblock.item.slottext.adders,SkyblockLevelAdder,0,0,2,2,15,6,0,0,-1.0,0,1
forkassn3,de.hysky.skyblocker.skyblock.item.slottext,SlotTextManager,2,0,4,2,36,11,0,0,0.5,2,2
forkassn3,de.hysky.skyblocker.skyblock.item.slottext,SlotTextAdder,0,0,5,2,39,5,0,0,-1.0,1,1
forkassn3,de.hysky.skyblocker.skyblock.calculators,CalculatorCommand,2,0,3,1,24,4,0,0,1.0,1,3
forkassn3,de.hysky.skyblocker.skyblock.calculators,SignCalculator,4,0,3,2,45,9,0,0,0.0,3,3
forkassn3,de.hysky.skyblocker.skyblock.chocolatefactory,TimeTowerReminder,4,0,5,2,64,12,0,0,0.6,2,7
forkassn3,de.hysky.skyblocker.skyblock.chocolatefactory,ChocolateFactorySolver,33,0,20,3,295,71,0,0,0.3,2,6
forkassn3,de.hysky.skyblocker.skyblock.chocolatefactory,Tooltip,0,0,7,2,93,29,0,0,-1.0,2,5
forkassn3,de.hysky.skyblocker.skyblock.chocolatefactory,EggFinder,11,3,13,4,119,36,0,0,0.5384615384615384,3,6
forkassn3,de.hysky.skyblocker.skyblock.experiment,ChronomatronSolver,5,1,8,4,94,23,0,1,0.375,0,1
forkassn3,de.hysky.skyblocker.skyblock.experiment,UltrasequencerSolver,2,1,6,2,65,17,0,1,0.5,3,2
forkassn3,de.hysky.skyblocker.skyblock.experiment,ExperimentSolver,5,0,9,3,34,9,3,0,0.5555555555555556,1,2
forkassn3,de.hysky.skyblocker.skyblock.experiment,SuperpairsSolver,3,0,8,3,52,13,0,1,0.5,0,1
forkassn3,de.hysky.skyblocker.skyblock.events,EventNotifications,6,3,7,4,100,21,0,0,0.42857142857142855,5,6
forkassn3,de.hysky.skyblocker.skyblock.events,JacobEventToast,2,0,2,2,38,4,0,1,0.0,0,2
forkassn3,de.hysky.skyblocker.skyblock.events,EventToast,8,0,7,4,56,9,1,0,0.0,0,2
forkassn3,de.hysky.skyblocker.skyblock.quicknav,QuickNav,1,0,2,1,43,17,0,0,0.0,1,4
forkassn3,de.hysky.skyblocker.skyblock.quicknav,QuickNavButton,4,0,7,4,68,9,0,0,0.2857142857142857,0,1
forkassn3,de.hysky.skyblocker.debug,SnapshotDebug,3,0,3,0,19,4,0,0,0.6666666666666666,2,2
forkassn3,de.hysky.skyblocker.debug,Debug,2,0,6,3,41,8,0,0,0.8333333333333334,9,3
