Project Name,Package Name,Architecture Smell,Cause of the Smell
forkassn3,<All packages>,Dense Structure, The tool detected the smell because all the analyzed components exhibit excessive and dense dependencies among themselves. Average degree = 9.8. All the dependencies among components: from: de.hysky.skyblocker.config.datafixer to: de.hysky.skyblocker.config; from: de.hysky.skyblocker.config.datafixer to: de.hysky.skyblocker; from: de.hysky.skyblocker.config.datafixer to: de.hysky.skyblocker.utils.datafixer; from: de.hysky.skyblocker.utils to: de.hysky.skyblocker; from: de.hysky.skyblocker.utils to: de.hysky.skyblocker.skyblock.item.tooltip.adders; from: de.hysky.skyblocker.utils to: de.hysky.skyblocker.utils.scheduler; from: de.hysky.skyblocker.utils to: de.hysky.skyblocker.events; from: de.hysky.skyblocker.utils to: de.hysky.skyblocker.skyblock.item; from: de.hysky.skyblocker.utils to: de.hysky.skyblocker.skyblock.item.tooltip; from: de.hysky.skyblocker.utils to: de.hysky.skyblocker.skyblock.itemlist; from: de.hysky.skyblocker.utils.chat to: de.hysky.skyblocker.utils; from: de.hysky.skyblocker.utils.waypoint to: de.hysky.skyblocker; from: de.hysky.skyblocker.utils.waypoint to: de.hysky.skyblocker.skyblock.waypoint; from: de.hysky.skyblocker.utils.waypoint to: de.hysky.skyblocker.config; from: de.hysky.skyblocker.utils.waypoint to: de.hysky.skyblocker.utils; from: de.hysky.skyblocker.utils.waypoint to: de.hysky.skyblocker.utils.render; from: de.hysky.skyblocker to: de.hysky.skyblocker.utils.render.gui; from: de.hysky.skyblocker to: de.hysky.skyblocker.skyblock; from: de.hysky.skyblocker to: de.hysky.skyblocker.utils.scheduler; from: de.hysky.skyblocker to: de.hysky.skyblocker.config.datafixer; from: de.hysky.skyblocker to: de.hysky.skyblocker.config; from: de.hysky.skyblocker to: de.hysky.skyblocker.skyblock.profileviewer; from: de.hysky.skyblocker to: de.hysky.skyblocker.skyblock.itemlist; from: de.hysky.skyblocker to: de.hysky.skyblocker.skyblock.item.tooltip; from: de.hysky.skyblocker to: de.hysky.skyblocker.skyblock.waypoint; from: de.hysky.skyblocker to: de.hysky.skyblocker.skyblock.end; from: de.hysky.skyblocker to: de.hysky.skyblocker.skyblock.tabhud; from: de.hysky.skyblocker to: de.hysky.skyblocker.skyblock.garden; from: de.hysky.skyblocker to: de.hysky.skyblocker.utils.chat; from: de.hysky.skyblocker to: de.hysky.skyblocker.skyblock.shortcut; from: de.hysky.skyblocker to: de.hysky.skyblocker.skyblock.chat; from: de.hysky.skyblocker to: de.hysky.skyblocker.skyblock.calculators; from: de.hysky.skyblocker to: de.hysky.skyblocker.utils.discord; from: de.hysky.skyblocker to: de.hysky.skyblocker.skyblock.dungeon; from: de.hysky.skyblocker to: de.hysky.skyblocker.skyblock.dungeon.secrets; from: de.hysky.skyblocker to: de.hysky.skyblocker.skyblock.dungeon.puzzle.waterboard; from: de.hysky.skyblocker to: de.hysky.skyblocker.skyblock.dungeon.partyfinder; from: de.hysky.skyblocker to: de.hysky.skyblocker.skyblock.rift; from: de.hysky.skyblocker to: de.hysky.skyblocker.skyblock.searchoverlay; from: de.hysky.skyblocker to: de.hysky.skyblocker.utils.render.title; from: de.hysky.skyblocker to: de.hysky.skyblocker.skyblock.tabhud.screenbuilder; from: de.hysky.skyblocker to: de.hysky.skyblocker.utils.render.culling; from: de.hysky.skyblocker to: de.hysky.skyblocker.skyblock.special; from: de.hysky.skyblocker to: de.hysky.skyblocker.skyblock.dungeon.puzzle.boulder; from: de.hysky.skyblocker to: de.hysky.skyblocker.debug; from: de.hysky.skyblocker to: de.hysky.skyblocker.skyblock.crimson.kuudra; from: de.hysky.skyblocker to: de.hysky.skyblocker.skyblock.crimson.dojo; from: de.hysky.skyblocker to: de.hysky.skyblocker.utils.render; from: de.hysky.skyblocker to: de.hysky.skyblocker.skyblock.fancybars; from: de.hysky.skyblocker to: de.hysky.skyblocker.skyblock.events; from: de.hysky.skyblocker to: de.hysky.skyblocker.skyblock.entity; from: de.hysky.skyblocker to: de.hysky.skyblocker.skyblock.chocolatefactory; from: de.hysky.skyblocker to: de.hysky.skyblocker.skyblock.mayors; from: de.hysky.skyblocker to: de.hysky.skyblocker.skyblock.item.slottext; from: de.hysky.skyblocker.skyblock.filters to: de.hysky.skyblocker.config; from: de.hysky.skyblocker.skyblock.filters to: de.hysky.skyblocker.utils; from: de.hysky.skyblocker.skyblock.filters to: de.hysky.skyblocker.skyblock.dungeon; from: de.hysky.skyblocker.skyblock.filters to: de.hysky.skyblocker.utils.chat; from: de.hysky.skyblocker.skyblock.dwarven to: de.hysky.skyblocker.utils; from: de.hysky.skyblocker.skyblock.dwarven to: de.hysky.skyblocker.utils.scheduler; from: de.hysky.skyblocker.skyblock.dwarven to: de.hysky.skyblocker.config; from: de.hysky.skyblocker.skyblock.dwarven to: de.hysky.skyblocker.skyblock.tabhud.widget.hud; from: de.hysky.skyblocker.skyblock.dwarven to: de.hysky.skyblocker.config.configs; from: de.hysky.skyblocker.skyblock.dwarven to: de.hysky.skyblocker; from: de.hysky.skyblocker.skyblock.dwarven to: de.hysky.skyblocker.events; from: de.hysky.skyblocker.skyblock.dwarven to: de.hysky.skyblocker.skyblock.tabhud.widget; from: de.hysky.skyblocker.skyblock.dwarven to: de.hysky.skyblocker.utils.render; from: de.hysky.skyblocker.skyblock.dwarven to: de.hysky.skyblocker.skyblock.tabhud.util; from: de.hysky.skyblocker.skyblock.dwarven to: de.hysky.skyblocker.mixins.accessors; from: de.hysky.skyblocker.skyblock.dwarven to: de.hysky.skyblocker.utils.chat; from: de.hysky.skyblocker.skyblock.chat to: de.hysky.skyblocker; from: de.hysky.skyblocker.skyblock.chat to: de.hysky.skyblocker.utils; from: de.hysky.skyblocker.skyblock.chat to: de.hysky.skyblocker.events; from: de.hysky.skyblocker.skyblock.chat to: de.hysky.skyblocker.config; from: de.hysky.skyblocker.skyblock to: de.hysky.skyblocker.utils.render.title; from: de.hysky.skyblocker.skyblock to: de.hysky.skyblocker.utils; from: de.hysky.skyblocker.skyblock to: de.hysky.skyblocker.config; from: de.hysky.skyblocker.skyblock to: de.hysky.skyblocker.utils.render; from: de.hysky.skyblocker.skyblock to: de.hysky.skyblocker.utils.scheduler; from: de.hysky.skyblocker.skyblock to: de.hysky.skyblocker.skyblock.item; from: de.hysky.skyblocker.skyblock to: de.hysky.skyblocker; from: de.hysky.skyblocker.skyblock to: de.hysky.skyblocker.events; from: de.hysky.skyblocker.skyblock to: de.hysky.skyblocker.config.configs; from: de.hysky.skyblocker.skyblock.dungeon.puzzle to: de.hysky.skyblocker.utils.chat; from: de.hysky.skyblocker.skyblock.dungeon.puzzle to: de.hysky.skyblocker.config; from: de.hysky.skyblocker.skyblock.dungeon.puzzle to: de.hysky.skyblocker.utils; from: de.hysky.skyblocker.skyblock.dungeon.puzzle to: de.hysky.skyblocker.skyblock.waypoint; from: de.hysky.skyblocker.skyblock.dungeon.puzzle to: de.hysky.skyblocker.skyblock.dungeon.secrets; from: de.hysky.skyblocker.skyblock.dungeon.puzzle to: de.hysky.skyblocker; from: de.hysky.skyblocker.skyblock.dungeon.puzzle to: de.hysky.skyblocker.debug; from: de.hysky.skyblocker.skyblock.dungeon.puzzle to: de.hysky.skyblocker.utils.render; from: de.hysky.skyblocker.skyblock.dungeon.puzzle to: de.hysky.skyblocker.events; from: de.hysky.skyblocker.skyblock.dungeon.puzzle to: de.hysky.skyblocker.utils.tictactoe; from: de.hysky.skyblocker.skyblock.dungeon.secrets to: de.hysky.skyblocker.skyblock.dungeon; from: de.hysky.skyblocker.skyblock.dungeon.secrets to: de.hysky.skyblocker; from: de.hysky.skyblocker.skyblock.dungeon.secrets to: de.hysky.skyblocker.utils.scheduler; from: de.hysky.skyblocker.skyblock.dungeon.secrets to: de.hysky.skyblocker.utils; from: de.hysky.skyblocker.skyblock.dungeon.secrets to: de.hysky.skyblocker.config; from: de.hysky.skyblocker.skyblock.dungeon.secrets to: de.hysky.skyblocker.debug; from: de.hysky.skyblocker.skyblock.dungeon.secrets to: de.hysky.skyblocker.events; from: de.hysky.skyblocker.skyblock.dungeon.secrets to: de.hysky.skyblocker.utils.render; from: de.hysky.skyblocker.skyblock.dungeon.secrets to: de.hysky.skyblocker.skyblock.tabhud.widget; from: de.hysky.skyblocker.skyblock.dungeon.secrets to: de.hysky.skyblocker.skyblock.tabhud.util; from: de.hysky.skyblocker.skyblock.dungeon to: de.hysky.skyblocker.config.configs; from: de.hysky.skyblocker.skyblock.dungeon to: de.hysky.skyblocker.utils; from: de.hysky.skyblocker.skyblock.dungeon to: de.hysky.skyblocker.utils.scheduler; from: de.hysky.skyblocker.skyblock.dungeon to: de.hysky.skyblocker.config; from: de.hysky.skyblocker.skyblock.dungeon to: de.hysky.skyblocker.skyblock.dungeon.secrets; from: de.hysky.skyblocker.skyblock.dungeon to: de.hysky.skyblocker.utils.chat; from: de.hysky.skyblocker.skyblock.dungeon to: de.hysky.skyblocker.events; from: de.hysky.skyblocker.skyblock.dungeon to: de.hysky.skyblocker.utils.render; from: de.hysky.skyblocker.skyblock.dungeon to: de.hysky.skyblocker; from: de.hysky.skyblocker.skyblock.dungeon to: de.hysky.skyblocker.skyblock.tabhud.util; from: de.hysky.skyblocker.skyblock.searchoverlay to: de.hysky.skyblocker.config; from: de.hysky.skyblocker.skyblock.searchoverlay to: de.hysky.skyblocker.config.configs; from: de.hysky.skyblocker.skyblock.searchoverlay to: de.hysky.skyblocker.skyblock.item.tooltip; from: de.hysky.skyblocker.skyblock.searchoverlay to: de.hysky.skyblocker.utils; from: de.hysky.skyblocker.skyblock.searchoverlay to: de.hysky.skyblocker.utils.scheduler; from: de.hysky.skyblocker.skyblock.item to: de.hysky.skyblocker.skyblock; from: de.hysky.skyblocker.skyblock.item to: de.hysky.skyblocker.config; from: de.hysky.skyblocker.skyblock.item to: de.hysky.skyblocker.utils; from: de.hysky.skyblocker.skyblock.item to: de.hysky.skyblocker; from: de.hysky.skyblocker.skyblock.item to: de.hysky.skyblocker.events; from: de.hysky.skyblocker.skyblock.item to: de.hysky.skyblocker.utils.scheduler; from: de.hysky.skyblocker.skyblock.item to: de.hysky.skyblocker.debug; from: de.hysky.skyblocker.skyblock.item to: de.hysky.skyblocker.config.configs; from: de.hysky.skyblocker.skyblock.item to: de.hysky.skyblocker.skyblock.itemlist; from: de.hysky.skyblocker.skyblock.waypoint to: de.hysky.skyblocker; from: de.hysky.skyblocker.skyblock.waypoint to: de.hysky.skyblocker.utils; from: de.hysky.skyblocker.skyblock.waypoint to: de.hysky.skyblocker.skyblock.item; from: de.hysky.skyblocker.skyblock.waypoint to: de.hysky.skyblocker.utils.render; from: de.hysky.skyblocker.skyblock.waypoint to: de.hysky.skyblocker.config.configs; from: de.hysky.skyblocker.skyblock.waypoint to: de.hysky.skyblocker.config; from: de.hysky.skyblocker.skyblock.waypoint to: de.hysky.skyblocker.utils.waypoint; from: de.hysky.skyblocker.skyblock.waypoint to: de.hysky.skyblocker.utils.scheduler; from: de.hysky.skyblocker.compatibility.rei to: de.hysky.skyblocker.utils; from: de.hysky.skyblocker.compatibility.rei to: de.hysky.skyblocker.skyblock.itemlist; from: de.hysky.skyblocker.compatibility.rei to: de.hysky.skyblocker; from: de.hysky.skyblocker.compatibility.emi to: de.hysky.skyblocker; from: de.hysky.skyblocker.compatibility.emi to: de.hysky.skyblocker.skyblock.itemlist; from: de.hysky.skyblocker.compatibility.emi to: de.hysky.skyblocker.utils; from: de.hysky.skyblocker.mixins to: de.hysky.skyblocker.utils; from: de.hysky.skyblocker.mixins to: de.hysky.skyblocker.skyblock.item; from: de.hysky.skyblocker.mixins to: de.hysky.skyblocker; from: de.hysky.skyblocker.mixins to: de.hysky.skyblocker.config; from: de.hysky.skyblocker.mixins to: de.hysky.skyblocker.skyblock.calculators; from: de.hysky.skyblocker.mixins to: de.hysky.skyblocker.skyblock.dungeon; from: de.hysky.skyblocker.mixins to: de.hysky.skyblocker.debug; from: de.hysky.skyblocker.mixins to: de.hysky.skyblocker.skyblock.fancybars; from: de.hysky.skyblocker.mixins to: de.hysky.skyblocker.events; from: de.hysky.skyblocker.mixins to: de.hysky.skyblocker.skyblock.dwarven; from: de.hysky.skyblocker.mixins to: de.hysky.skyblocker.skyblock.item.tooltip; from: de.hysky.skyblocker.mixins to: de.hysky.skyblocker.utils.render.gui; from: de.hysky.skyblocker.mixins to: de.hysky.skyblocker.skyblock.experiment; from: de.hysky.skyblocker.mixins to: de.hysky.skyblocker.skyblock.quicknav; from: de.hysky.skyblocker.mixins to: de.hysky.skyblocker.skyblock.garden; from: de.hysky.skyblocker.mixins to: de.hysky.skyblocker.skyblock.item.slottext; from: de.hysky.skyblocker.mixins to: de.hysky.skyblocker.skyblock.end; from: de.hysky.skyblocker.mixins to: de.hysky.skyblocker.skyblock.dungeon.secrets; from: de.hysky.skyblocker.mixins to: de.hysky.skyblocker.skyblock; from: de.hysky.skyblocker.mixins to: de.hysky.skyblocker.skyblock.waypoint; from: de.hysky.skyblocker.mixins to: de.hysky.skyblocker.skyblock.crimson.dojo; from: de.hysky.skyblocker.mixins to: de.hysky.skyblocker.skyblock.chocolatefactory; from: de.hysky.skyblocker.mixins to: de.hysky.skyblocker.skyblock.entity; from: de.hysky.skyblocker.mixins to: de.hysky.skyblocker.skyblock.dungeon.partyfinder; from: de.hysky.skyblocker.mixins to: de.hysky.skyblocker.skyblock.rift; from: de.hysky.skyblocker.mixins to: de.hysky.skyblocker.skyblock.searchoverlay; from: de.hysky.skyblocker.mixins to: de.hysky.skyblocker.skyblock.crimson.kuudra; from: de.hysky.skyblocker.mixins to: de.hysky.skyblocker.skyblock.tabhud; from: de.hysky.skyblocker.mixins to: de.hysky.skyblocker.skyblock.tabhud.util; from: de.hysky.skyblocker.mixins to: de.hysky.skyblocker.skyblock.tabhud.screenbuilder; from: de.hysky.skyblocker.mixins to: de.hysky.skyblocker.mixins.accessors; from: de.hysky.skyblocker.mixins.discordipc to: de.hysky.skyblocker.utils.discord; from: de.hysky.skyblocker.config to: de.hysky.skyblocker; from: de.hysky.skyblocker.config to: de.hysky.skyblocker.utils.scheduler; from: de.hysky.skyblocker.config to: de.hysky.skyblocker.utils; from: de.hysky.skyblocker.config to: de.hysky.skyblocker.skyblock.tabhud.widget; from: de.hysky.skyblocker.config to: de.hysky.skyblocker.utils.render; from: de.hysky.skyblocker.config.configs to: de.hysky.skyblocker.utils.waypoint; from: de.hysky.skyblocker.config.configs to: de.hysky.skyblocker.utils.chat; from: de.hysky.skyblocker.config.configs to: de.hysky.skyblocker; from: de.hysky.skyblocker.config.categories to: de.hysky.skyblocker.config; from: de.hysky.skyblocker.config.categories to: de.hysky.skyblocker.skyblock.events; from: de.hysky.skyblocker.config.categories to: de.hysky.skyblocker.skyblock.end; from: de.hysky.skyblocker.config.categories to: de.hysky.skyblocker.skyblock.item.tooltip.adders; from: de.hysky.skyblocker.config.categories to: de.hysky.skyblocker.config.configs; from: de.hysky.skyblocker.utils.discord to: de.hysky.skyblocker.events; from: de.hysky.skyblocker.utils.discord to: de.hysky.skyblocker.config; from: de.hysky.skyblocker.utils.discord to: de.hysky.skyblocker.utils; from: de.hysky.skyblocker.utils.render to: de.hysky.skyblocker.utils.render.title; from: de.hysky.skyblocker.utils.render to: de.hysky.skyblocker; from: de.hysky.skyblocker.utils.render to: de.hysky.skyblocker.utils.render.culling; from: de.hysky.skyblocker.utils.render to: de.hysky.skyblocker.mixins.accessors; from: de.hysky.skyblocker.utils.render.culling to: de.hysky.skyblocker.utils.render; from: de.hysky.skyblocker.utils.render.title to: de.hysky.skyblocker.config.configs; from: de.hysky.skyblocker.utils.render.title to: de.hysky.skyblocker.config; from: de.hysky.skyblocker.utils.render.title to: de.hysky.skyblocker.utils.render; from: de.hysky.skyblocker.utils.render.title to: de.hysky.skyblocker.events; from: de.hysky.skyblocker.utils.render.title to: de.hysky.skyblocker.utils.scheduler; from: de.hysky.skyblocker.utils.render.gui to: de.hysky.skyblocker.skyblock.auction; from: de.hysky.skyblocker.utils.render.gui to: de.hysky.skyblocker; from: de.hysky.skyblocker.utils.render.gui to: de.hysky.skyblocker.skyblock.experiment; from: de.hysky.skyblocker.utils.render.gui to: de.hysky.skyblocker.skyblock.accessories.newyearcakes; from: de.hysky.skyblocker.utils.render.gui to: de.hysky.skyblocker.utils; from: de.hysky.skyblocker.events to: de.hysky.skyblocker.skyblock.dungeon.secrets; from: de.hysky.skyblocker.skyblock.shortcut to: de.hysky.skyblocker.debug; from: de.hysky.skyblocker.skyblock.shortcut to: de.hysky.skyblocker; from: de.hysky.skyblocker.skyblock.shortcut to: de.hysky.skyblocker.config; from: de.hysky.skyblocker.skyblock.shortcut to: de.hysky.skyblocker.utils.scheduler; from: de.hysky.skyblocker.skyblock.mayors to: de.hysky.skyblocker.utils.scheduler; from: de.hysky.skyblocker.skyblock.mayors to: de.hysky.skyblocker.utils; from: de.hysky.skyblocker.skyblock.mayors to: de.hysky.skyblocker.config; from: de.hysky.skyblocker.skyblock.accessories.newyearcakes to: de.hysky.skyblocker.config; from: de.hysky.skyblocker.skyblock.accessories.newyearcakes to: de.hysky.skyblocker.utils; from: de.hysky.skyblocker.skyblock.auction to: de.hysky.skyblocker.mixins.accessors; from: de.hysky.skyblocker.skyblock.auction to: de.hysky.skyblocker.skyblock.auction.widgets; from: de.hysky.skyblocker.skyblock.auction to: de.hysky.skyblocker; from: de.hysky.skyblocker.skyblock.auction to: de.hysky.skyblocker.skyblock.item.tooltip; from: de.hysky.skyblocker.skyblock.auction to: de.hysky.skyblocker.config; from: de.hysky.skyblocker.skyblock.auction to: de.hysky.skyblocker.utils; from: de.hysky.skyblocker.skyblock.auction to: de.hysky.skyblocker.skyblock.calculators; from: de.hysky.skyblocker.skyblock.auction.widgets to: de.hysky.skyblocker.skyblock.auction; from: de.hysky.skyblocker.skyblock.auction.widgets to: de.hysky.skyblocker; from: de.hysky.skyblocker.skyblock.auction.widgets to: de.hysky.skyblocker.skyblock.item; from: de.hysky.skyblocker.skyblock.crimson.kuudra to: de.hysky.skyblocker.utils.render.title; from: de.hysky.skyblocker.skyblock.crimson.kuudra to: de.hysky.skyblocker.utils; from: de.hysky.skyblocker.skyblock.crimson.kuudra to: de.hysky.skyblocker.utils.render; from: de.hysky.skyblocker.skyblock.crimson.kuudra to: de.hysky.skyblocker.utils.scheduler; from: de.hysky.skyblocker.skyblock.crimson.kuudra to: de.hysky.skyblocker.config.configs; from: de.hysky.skyblocker.skyblock.crimson.kuudra to: de.hysky.skyblocker.utils.waypoint; from: de.hysky.skyblocker.skyblock.crimson.kuudra to: de.hysky.skyblocker; from: de.hysky.skyblocker.skyblock.crimson.kuudra to: de.hysky.skyblocker.config; from: de.hysky.skyblocker.skyblock.crimson.dojo to: de.hysky.skyblocker.utils.render; from: de.hysky.skyblocker.skyblock.crimson.dojo to: de.hysky.skyblocker.utils.scheduler; from: de.hysky.skyblocker.skyblock.crimson.dojo to: de.hysky.skyblocker.utils; from: de.hysky.skyblocker.skyblock.rift to: de.hysky.skyblocker.config.configs; from: de.hysky.skyblocker.skyblock.rift to: de.hysky.skyblocker; from: de.hysky.skyblocker.skyblock.rift to: de.hysky.skyblocker.utils; from: de.hysky.skyblocker.skyblock.rift to: de.hysky.skyblocker.config; from: de.hysky.skyblocker.skyblock.rift to: de.hysky.skyblocker.utils.scheduler; from: de.hysky.skyblocker.skyblock.rift to: de.hysky.skyblocker.utils.waypoint; from: de.hysky.skyblocker.skyblock.rift to: de.hysky.skyblocker.utils.render.title; from: de.hysky.skyblocker.skyblock.rift to: de.hysky.skyblocker.utils.render; from: de.hysky.skyblocker.skyblock.garden to: de.hysky.skyblocker.skyblock.tabhud.util; from: de.hysky.skyblocker.skyblock.garden to: de.hysky.skyblocker.skyblock.item.tooltip; from: de.hysky.skyblocker.skyblock.garden to: de.hysky.skyblocker.config; from: de.hysky.skyblocker.skyblock.garden to: de.hysky.skyblocker.utils; from: de.hysky.skyblocker.skyblock.garden to: de.hysky.skyblocker.skyblock.itemlist; from: de.hysky.skyblocker.skyblock.garden to: de.hysky.skyblocker.utils.scheduler; from: de.hysky.skyblocker.skyblock.garden to: de.hysky.skyblocker.events; from: de.hysky.skyblocker.skyblock.garden to: de.hysky.skyblocker; from: de.hysky.skyblocker.skyblock.tabhud.widget to: de.hysky.skyblocker.skyblock.tabhud.widget.component; from: de.hysky.skyblocker.skyblock.tabhud.widget to: de.hysky.skyblocker.skyblock.tabhud.util; from: de.hysky.skyblocker.skyblock.tabhud.widget to: de.hysky.skyblocker.config; from: de.hysky.skyblocker.skyblock.tabhud.widget to: de.hysky.skyblocker.config.configs; from: de.hysky.skyblocker.skyblock.tabhud.widget.rift to: de.hysky.skyblocker.skyblock.tabhud.util; from: de.hysky.skyblocker.skyblock.tabhud.widget.rift to: de.hysky.skyblocker.skyblock.tabhud.widget.component; from: de.hysky.skyblocker.skyblock.tabhud.widget.rift to: de.hysky.skyblocker.skyblock.tabhud.widget; from: de.hysky.skyblocker.skyblock.tabhud.widget.component to: de.hysky.skyblocker.skyblock.tabhud.util; from: de.hysky.skyblocker.skyblock.tabhud.widget.component to: de.hysky.skyblocker.config; from: de.hysky.skyblocker.skyblock.tabhud.widget.hud to: de.hysky.skyblocker.skyblock.tabhud.widget.component; from: de.hysky.skyblocker.skyblock.tabhud.widget.hud to: de.hysky.skyblocker.skyblock.tabhud.util; from: de.hysky.skyblocker.skyblock.tabhud.widget.hud to: de.hysky.skyblocker.skyblock.dwarven; from: de.hysky.skyblocker.skyblock.tabhud.util to: de.hysky.skyblocker.config; from: de.hysky.skyblocker.skyblock.tabhud.util to: de.hysky.skyblocker.utils; from: de.hysky.skyblocker.skyblock.tabhud.util to: de.hysky.skyblocker.mixins.accessors; from: de.hysky.skyblocker.skyblock.tabhud.screenbuilder.pipeline to: de.hysky.skyblocker.skyblock.tabhud.screenbuilder; from: de.hysky.skyblocker.skyblock.tabhud.screenbuilder.pipeline to: de.hysky.skyblocker.skyblock.tabhud.util; from: de.hysky.skyblocker.skyblock.tabhud.screenbuilder.pipeline to: de.hysky.skyblocker.skyblock.tabhud.widget; from: de.hysky.skyblocker.skyblock.tabhud.screenbuilder to: de.hysky.skyblocker.skyblock.tabhud.widget; from: de.hysky.skyblocker.skyblock.tabhud.screenbuilder to: de.hysky.skyblocker.skyblock.tabhud.screenbuilder.pipeline; from: de.hysky.skyblocker.skyblock.tabhud.screenbuilder to: de.hysky.skyblocker.skyblock.tabhud; from: de.hysky.skyblocker.skyblock.tabhud.screenbuilder to: de.hysky.skyblocker; from: de.hysky.skyblocker.skyblock.tabhud.screenbuilder to: de.hysky.skyblocker.skyblock.tabhud.util; from: de.hysky.skyblocker.skyblock.entity to: de.hysky.skyblocker.utils; from: de.hysky.skyblocker.skyblock.itemlist to: de.hysky.skyblocker.utils; from: de.hysky.skyblocker.skyblock.itemlist to: de.hysky.skyblocker.utils.render.gui; from: de.hysky.skyblocker.skyblock.itemlist to: de.hysky.skyblocker.utils.scheduler; from: de.hysky.skyblocker.skyblock.itemlist to: de.hysky.skyblocker.skyblock.events; from: de.hysky.skyblocker.skyblock.itemlist to: de.hysky.skyblocker.skyblock.tabhud.widget; from: de.hysky.skyblocker.skyblock.itemlist to: de.hysky.skyblocker.config; from: de.hysky.skyblocker.skyblock.fancybars to: de.hysky.skyblocker.skyblock; from: de.hysky.skyblocker.skyblock.fancybars to: de.hysky.skyblocker.config.configs; from: de.hysky.skyblocker.skyblock.fancybars to: de.hysky.skyblocker; from: de.hysky.skyblocker.skyblock.fancybars to: de.hysky.skyblocker.config; from: de.hysky.skyblocker.skyblock.fancybars to: de.hysky.skyblocker.utils.scheduler; from: de.hysky.skyblocker.skyblock.fancybars to: de.hysky.skyblocker.utils; from: de.hysky.skyblocker.skyblock.fancybars to: de.hysky.skyblocker.utils.render; from: de.hysky.skyblocker.skyblock.dungeon.puzzle.waterboard to: de.hysky.skyblocker.utils.waypoint; from: de.hysky.skyblocker.skyblock.dungeon.puzzle.waterboard to: de.hysky.skyblocker.skyblock.dungeon.secrets; from: de.hysky.skyblocker.skyblock.dungeon.puzzle.waterboard to: de.hysky.skyblocker; from: de.hysky.skyblocker.skyblock.dungeon.puzzle.waterboard to: de.hysky.skyblocker.utils; from: de.hysky.skyblocker.skyblock.dungeon.puzzle.waterboard to: de.hysky.skyblocker.utils.scheduler; from: de.hysky.skyblocker.skyblock.dungeon.puzzle.waterboard to: de.hysky.skyblocker.debug; from: de.hysky.skyblocker.skyblock.dungeon.puzzle.waterboard to: de.hysky.skyblocker.config; from: de.hysky.skyblocker.skyblock.dungeon.puzzle.waterboard to: de.hysky.skyblocker.utils.render; from: de.hysky.skyblocker.skyblock.dungeon.puzzle.boulder to: de.hysky.skyblocker.skyblock.dungeon.secrets; from: de.hysky.skyblocker.skyblock.dungeon.puzzle.boulder to: de.hysky.skyblocker.utils.render.title; from: de.hysky.skyblocker.skyblock.dungeon.puzzle.boulder to: de.hysky.skyblocker.config; from: de.hysky.skyblocker.skyblock.dungeon.puzzle.boulder to: de.hysky.skyblocker.utils.render; from: de.hysky.skyblocker.skyblock.dungeon.terminal to: de.hysky.skyblocker.config; from: de.hysky.skyblocker.skyblock.dungeon.partyfinder to: de.hysky.skyblocker; from: de.hysky.skyblocker.skyblock.dungeon.partyfinder to: de.hysky.skyblocker.mixins.accessors; from: de.hysky.skyblocker.skyblock.dungeon.partyfinder to: de.hysky.skyblocker.utils; from: de.hysky.skyblocker.skyblock.special to: de.hysky.skyblocker.utils; from: de.hysky.skyblocker.skyblock.special to: de.hysky.skyblocker.config; from: de.hysky.skyblocker.skyblock.special to: de.hysky.skyblocker.utils.render; from: de.hysky.skyblocker.skyblock.special to: de.hysky.skyblocker.skyblock.itemlist; from: de.hysky.skyblocker.skyblock.end to: de.hysky.skyblocker.utils; from: de.hysky.skyblocker.skyblock.end to: de.hysky.skyblocker.config; from: de.hysky.skyblocker.skyblock.end to: de.hysky.skyblocker.utils.render; from: de.hysky.skyblocker.skyblock.end to: de.hysky.skyblocker.utils.waypoint; from: de.hysky.skyblocker.skyblock.end to: de.hysky.skyblocker; from: de.hysky.skyblocker.skyblock.end to: de.hysky.skyblocker.events; from: de.hysky.skyblocker.skyblock.end to: de.hysky.skyblocker.utils.scheduler; from: de.hysky.skyblocker.skyblock.profileviewer.slayers to: de.hysky.skyblocker.skyblock.profileviewer; from: de.hysky.skyblocker.skyblock.profileviewer.slayers to: de.hysky.skyblocker.skyblock.profileviewer.utils; from: de.hysky.skyblocker.skyblock.profileviewer.slayers to: de.hysky.skyblocker; from: de.hysky.skyblocker.skyblock.profileviewer.slayers to: de.hysky.skyblocker.skyblock.tabhud.util; from: de.hysky.skyblocker.skyblock.profileviewer.slayers to: de.hysky.skyblocker.utils.render; from: de.hysky.skyblocker.skyblock.profileviewer to: de.hysky.skyblocker; from: de.hysky.skyblocker.skyblock.profileviewer to: de.hysky.skyblocker.utils; from: de.hysky.skyblocker.skyblock.profileviewer to: de.hysky.skyblocker.mixins.accessors; from: de.hysky.skyblocker.skyblock.profileviewer to: de.hysky.skyblocker.utils.scheduler; from: de.hysky.skyblocker.skyblock.profileviewer to: de.hysky.skyblocker.skyblock.tabhud.util; from: de.hysky.skyblocker.skyblock.profileviewer to: de.hysky.skyblocker.skyblock.profileviewer.utils; from: de.hysky.skyblocker.skyblock.profileviewer.utils to: de.hysky.skyblocker.skyblock.profileviewer; from: de.hysky.skyblocker.skyblock.profileviewer.utils to: de.hysky.skyblocker; from: de.hysky.skyblocker.skyblock.profileviewer.inventory to: de.hysky.skyblocker.skyblock.profileviewer; from: de.hysky.skyblocker.skyblock.profileviewer.inventory to: de.hysky.skyblocker.skyblock.profileviewer.utils; from: de.hysky.skyblocker.skyblock.profileviewer.inventory to: de.hysky.skyblocker.skyblock.tabhud.util; from: de.hysky.skyblocker.skyblock.profileviewer.inventory to: de.hysky.skyblocker.skyblock.profileviewer.inventory.itemLoaders; from: de.hysky.skyblocker.skyblock.profileviewer.inventory to: de.hysky.skyblocker.config; from: de.hysky.skyblocker.skyblock.profileviewer.inventory to: de.hysky.skyblocker.skyblock.item; from: de.hysky.skyblocker.skyblock.profileviewer.inventory to: de.hysky.skyblocker.skyblock; from: de.hysky.skyblocker.skyblock.profileviewer.inventory to: de.hysky.skyblocker.utils; from: de.hysky.skyblocker.skyblock.profileviewer.inventory to: de.hysky.skyblocker.skyblock.itemlist; from: de.hysky.skyblocker.skyblock.profileviewer.inventory.itemLoaders to: de.hysky.skyblocker.skyblock; from: de.hysky.skyblocker.skyblock.profileviewer.inventory.itemLoaders to: de.hysky.skyblocker.skyblock.profileviewer.inventory; from: de.hysky.skyblocker.skyblock.profileviewer.inventory.itemLoaders to: de.hysky.skyblocker.skyblock.tabhud.util; from: de.hysky.skyblocker.skyblock.profileviewer.inventory.itemLoaders to: de.hysky.skyblocker.utils; from: de.hysky.skyblocker.skyblock.profileviewer.inventory.itemLoaders to: de.hysky.skyblocker.skyblock.profileviewer; from: de.hysky.skyblocker.skyblock.profileviewer.dungeons to: de.hysky.skyblocker.skyblock.profileviewer.utils; from: de.hysky.skyblocker.skyblock.profileviewer.dungeons to: de.hysky.skyblocker; from: de.hysky.skyblocker.skyblock.profileviewer.dungeons to: de.hysky.skyblocker.skyblock.tabhud.util; from: de.hysky.skyblocker.skyblock.profileviewer.dungeons to: de.hysky.skyblocker.utils.render; from: de.hysky.skyblocker.skyblock.profileviewer.skills to: de.hysky.skyblocker; from: de.hysky.skyblocker.skyblock.profileviewer.skills to: de.hysky.skyblocker.skyblock.profileviewer; from: de.hysky.skyblocker.skyblock.profileviewer.skills to: de.hysky.skyblocker.skyblock.profileviewer.utils; from: de.hysky.skyblocker.skyblock.profileviewer.skills to: de.hysky.skyblocker.skyblock.tabhud.util; from: de.hysky.skyblocker.skyblock.profileviewer.skills to: de.hysky.skyblocker.utils.render; from: de.hysky.skyblocker.skyblock.profileviewer.collections to: de.hysky.skyblocker; from: de.hysky.skyblocker.skyblock.profileviewer.collections to: de.hysky.skyblocker.skyblock.tabhud.util; from: de.hysky.skyblocker.skyblock.profileviewer.collections to: de.hysky.skyblocker.skyblock.itemlist; from: de.hysky.skyblocker.skyblock.profileviewer.collections to: de.hysky.skyblocker.skyblock.profileviewer.utils; from: de.hysky.skyblocker.skyblock.profileviewer.collections to: de.hysky.skyblocker.skyblock.profileviewer; from: de.hysky.skyblocker.skyblock.barn to: de.hysky.skyblocker.utils.chat; from: de.hysky.skyblocker.skyblock.barn to: de.hysky.skyblocker.config; from: de.hysky.skyblocker.skyblock.barn to: de.hysky.skyblocker.utils; from: de.hysky.skyblocker.skyblock.item.tooltip.adders to: de.hysky.skyblocker.skyblock.item.tooltip; from: de.hysky.skyblocker.skyblock.item.tooltip.adders to: de.hysky.skyblocker.utils; from: de.hysky.skyblocker.skyblock.item.tooltip.adders to: de.hysky.skyblocker.skyblock.item; from: de.hysky.skyblocker.skyblock.item.tooltip.adders to: de.hysky.skyblocker.config.configs; from: de.hysky.skyblocker.skyblock.item.tooltip.adders to: de.hysky.skyblocker.config; from: de.hysky.skyblocker.skyblock.item.tooltip to: de.hysky.skyblocker; from: de.hysky.skyblocker.skyblock.item.tooltip to: de.hysky.skyblocker.utils; from: de.hysky.skyblocker.skyblock.item.tooltip to: de.hysky.skyblocker.skyblock.itemlist; from: de.hysky.skyblocker.skyblock.item.tooltip to: de.hysky.skyblocker.config; from: de.hysky.skyblocker.skyblock.item.tooltip to: de.hysky.skyblocker.skyblock.item; from: de.hysky.skyblocker.skyblock.item.tooltip to: de.hysky.skyblocker.config.configs; from: de.hysky.skyblocker.skyblock.item.tooltip to: de.hysky.skyblocker.utils.scheduler; from: de.hysky.skyblocker.skyblock.item.tooltip to: de.hysky.skyblocker.skyblock.item.tooltip.adders; from: de.hysky.skyblocker.skyblock.item.slottext.adders to: de.hysky.skyblocker.utils; from: de.hysky.skyblocker.skyblock.item.slottext.adders to: de.hysky.skyblocker.config; from: de.hysky.skyblocker.skyblock.item.slottext to: de.hysky.skyblocker.utils; from: de.hysky.skyblocker.skyblock.item.slottext to: de.hysky.skyblocker.config; from: de.hysky.skyblocker.skyblock.calculators to: de.hysky.skyblocker; from: de.hysky.skyblocker.skyblock.calculators to: de.hysky.skyblocker.utils; from: de.hysky.skyblocker.skyblock.calculators to: de.hysky.skyblocker.config; from: de.hysky.skyblocker.skyblock.chocolatefactory to: de.hysky.skyblocker.events; from: de.hysky.skyblocker.skyblock.chocolatefactory to: de.hysky.skyblocker.utils.scheduler; from: de.hysky.skyblocker.skyblock.chocolatefactory to: de.hysky.skyblocker; from: de.hysky.skyblocker.skyblock.chocolatefactory to: de.hysky.skyblocker.utils; from: de.hysky.skyblocker.skyblock.chocolatefactory to: de.hysky.skyblocker.config; from: de.hysky.skyblocker.skyblock.chocolatefactory to: de.hysky.skyblocker.utils.waypoint; from: de.hysky.skyblocker.skyblock.experiment to: de.hysky.skyblocker.config.configs; from: de.hysky.skyblocker.skyblock.experiment to: de.hysky.skyblocker.config; from: de.hysky.skyblocker.skyblock.events to: de.hysky.skyblocker.utils.scheduler; from: de.hysky.skyblocker.skyblock.events to: de.hysky.skyblocker.events; from: de.hysky.skyblocker.skyblock.events to: de.hysky.skyblocker; from: de.hysky.skyblocker.skyblock.events to: de.hysky.skyblocker.utils; from: de.hysky.skyblocker.skyblock.events to: de.hysky.skyblocker.config; from: de.hysky.skyblocker.skyblock.events to: de.hysky.skyblocker.skyblock.tabhud.widget; from: de.hysky.skyblocker.skyblock.events to: de.hysky.skyblocker.utils.render; from: de.hysky.skyblocker.skyblock.quicknav to: de.hysky.skyblocker.config.configs; from: de.hysky.skyblocker.skyblock.quicknav to: de.hysky.skyblocker.utils; from: de.hysky.skyblocker.skyblock.quicknav to: de.hysky.skyblocker.config; from: de.hysky.skyblocker.skyblock.quicknav to: de.hysky.skyblocker.utils.datafixer; from: de.hysky.skyblocker.skyblock.quicknav to: de.hysky.skyblocker.utils.scheduler; from: de.hysky.skyblocker.debug to: de.hysky.skyblocker.utils.render; from: de.hysky.skyblocker.debug to: de.hysky.skyblocker; from: de.hysky.skyblocker.debug to: de.hysky.skyblocker.utils.
forkassn3,de.hysky.skyblocker.utils,God Component,The tool detected the smell in this component because the component contains high number of classes. Number of classes in the component are: 34
forkassn3,de.hysky.skyblocker.utils,Unstable Dependency,The tool detected the smell in this component because this component depends on other components that are less stable than itself. This component depends on following less stable component(s): de.hysky.skyblocker; de.hysky.skyblocker.skyblock.item.tooltip.adders; de.hysky.skyblocker.events; de.hysky.skyblocker.skyblock.item; de.hysky.skyblocker.skyblock.item.tooltip; de.hysky.skyblocker.skyblock.itemlist
forkassn3,de.hysky.skyblocker.utils,Feature Concentration,The tool detected the smell in this component because the component realizes more than one architectural concern/feature. Independent sets of related classes within this component are: [RomanNumeralsTest; RomanNumerals]; [ConstantsTest; Constants; FileUtils; NEURepoManager; ApiAuthentication; ApiUtils; ProfileUtils; Http; CalculatorTest; Calculator; Utils; SlayerUtils; Location; SkyblockTime]; [InstancedUtilsTest]; [InstancedUtilsTest.Vector3i]; [PosUtilsTest; PosUtils]; [ItemUtilsTest; ItemUtils]; [ColorUtils]; [Resettable]; [Boxes]; [InstancedUtils]; [ReconfiguringPlaceholderScreen]; [JoinWorldPlaceholderScreen]; [Tickable]; [RegexUtils]; [Calculator.TokenType]; [Calculator.Token]; [SkyblockTime.Season]; [SkyblockTime.Month]. LCC (Lack of Component Cohesion) = 0.53
forkassn3,de.hysky.skyblocker.utils.waypoint,Unstable Dependency,The tool detected the smell in this component because this component depends on other components that are less stable than itself. This component depends on following less stable component(s): de.hysky.skyblocker; de.hysky.skyblocker.skyblock.waypoint
forkassn3,de.hysky.skyblocker.utils.waypoint,Feature Concentration,The tool detected the smell in this component because the component realizes more than one architectural concern/feature. Independent sets of related classes within this component are: [WaypointTest; Waypoint; ProfileAwareWaypointTest; ProfileAwareWaypoint; NamedWaypoint]; [WaypointCategoryTest]; [WaypointsTest]; [Waypoint.Type]. LCC (Lack of Component Cohesion) = 0.5
forkassn3,de.hysky.skyblocker,Unstable Dependency,The tool detected the smell in this component because this component depends on other components that are less stable than itself. This component depends on following less stable component(s): de.hysky.skyblocker.utils.render.gui; de.hysky.skyblocker.skyblock; de.hysky.skyblocker.config.datafixer; de.hysky.skyblocker.skyblock.profileviewer; de.hysky.skyblocker.skyblock.waypoint; de.hysky.skyblocker.skyblock.end; de.hysky.skyblocker.skyblock.garden; de.hysky.skyblocker.skyblock.shortcut; de.hysky.skyblocker.skyblock.chat; de.hysky.skyblocker.skyblock.calculators; de.hysky.skyblocker.utils.discord; de.hysky.skyblocker.skyblock.dungeon; de.hysky.skyblocker.skyblock.dungeon.secrets; de.hysky.skyblocker.skyblock.dungeon.puzzle.waterboard; de.hysky.skyblocker.skyblock.dungeon.partyfinder; de.hysky.skyblocker.skyblock.rift; de.hysky.skyblocker.skyblock.searchoverlay; de.hysky.skyblocker.skyblock.special; de.hysky.skyblocker.skyblock.dungeon.puzzle.boulder; de.hysky.skyblocker.skyblock.crimson.kuudra; de.hysky.skyblocker.skyblock.fancybars; de.hysky.skyblocker.skyblock.events; de.hysky.skyblocker.skyblock.chocolatefactory; de.hysky.skyblocker.skyblock.mayors; de.hysky.skyblocker.skyblock.item.slottext
forkassn3,de.hysky.skyblocker,Cyclic Dependency,The tool detected the smell in this component because this component participates in a cyclic dependency. The participating components in the cycle are: de.hysky.skyblocker; de.hysky.skyblocker.utils.render.gui; de.hysky.skyblocker
forkassn3,de.hysky.skyblocker,Cyclic Dependency,The tool detected the smell in this component because this component participates in a cyclic dependency. The participating components in the cycle are: de.hysky.skyblocker; de.hysky.skyblocker.skyblock; de.hysky.skyblocker
forkassn3,de.hysky.skyblocker,Cyclic Dependency,The tool detected the smell in this component because this component participates in a cyclic dependency. The participating components in the cycle are: de.hysky.skyblocker; de.hysky.skyblocker.config.datafixer; de.hysky.skyblocker
forkassn3,de.hysky.skyblocker,Cyclic Dependency,The tool detected the smell in this component because this component participates in a cyclic dependency. The participating components in the cycle are: de.hysky.skyblocker; de.hysky.skyblocker.config; de.hysky.skyblocker
forkassn3,de.hysky.skyblocker,Cyclic Dependency,The tool detected the smell in this component because this component participates in a cyclic dependency. The participating components in the cycle are: de.hysky.skyblocker; de.hysky.skyblocker.skyblock.profileviewer; de.hysky.skyblocker
forkassn3,de.hysky.skyblocker,Cyclic Dependency,The tool detected the smell in this component because this component participates in a cyclic dependency. The participating components in the cycle are: de.hysky.skyblocker; de.hysky.skyblocker.skyblock.item.tooltip; de.hysky.skyblocker
forkassn3,de.hysky.skyblocker,Cyclic Dependency,The tool detected the smell in this component because this component participates in a cyclic dependency. The participating components in the cycle are: de.hysky.skyblocker; de.hysky.skyblocker.skyblock.waypoint; de.hysky.skyblocker
forkassn3,de.hysky.skyblocker,Cyclic Dependency,The tool detected the smell in this component because this component participates in a cyclic dependency. The participating components in the cycle are: de.hysky.skyblocker; de.hysky.skyblocker.skyblock.end; de.hysky.skyblocker
forkassn3,de.hysky.skyblocker,Cyclic Dependency,The tool detected the smell in this component because this component participates in a cyclic dependency. The participating components in the cycle are: de.hysky.skyblocker; de.hysky.skyblocker.skyblock.garden; de.hysky.skyblocker
forkassn3,de.hysky.skyblocker,Cyclic Dependency,The tool detected the smell in this component because this component participates in a cyclic dependency. The participating components in the cycle are: de.hysky.skyblocker; de.hysky.skyblocker.skyblock.shortcut; de.hysky.skyblocker
forkassn3,de.hysky.skyblocker,Cyclic Dependency,The tool detected the smell in this component because this component participates in a cyclic dependency. The participating components in the cycle are: de.hysky.skyblocker; de.hysky.skyblocker.skyblock.chat; de.hysky.skyblocker
forkassn3,de.hysky.skyblocker,Cyclic Dependency,The tool detected the smell in this component because this component participates in a cyclic dependency. The participating components in the cycle are: de.hysky.skyblocker; de.hysky.skyblocker.skyblock.calculators; de.hysky.skyblocker
forkassn3,de.hysky.skyblocker,Cyclic Dependency,The tool detected the smell in this component because this component participates in a cyclic dependency. The participating components in the cycle are: de.hysky.skyblocker; de.hysky.skyblocker.skyblock.dungeon; de.hysky.skyblocker
forkassn3,de.hysky.skyblocker,Cyclic Dependency,The tool detected the smell in this component because this component participates in a cyclic dependency. The participating components in the cycle are: de.hysky.skyblocker; de.hysky.skyblocker.skyblock.dungeon.secrets; de.hysky.skyblocker
forkassn3,de.hysky.skyblocker,Cyclic Dependency,The tool detected the smell in this component because this component participates in a cyclic dependency. The participating components in the cycle are: de.hysky.skyblocker; de.hysky.skyblocker.skyblock.dungeon.puzzle.waterboard; de.hysky.skyblocker
forkassn3,de.hysky.skyblocker,Cyclic Dependency,The tool detected the smell in this component because this component participates in a cyclic dependency. The participating components in the cycle are: de.hysky.skyblocker; de.hysky.skyblocker.skyblock.dungeon.partyfinder; de.hysky.skyblocker
forkassn3,de.hysky.skyblocker,Cyclic Dependency,The tool detected the smell in this component because this component participates in a cyclic dependency. The participating components in the cycle are: de.hysky.skyblocker; de.hysky.skyblocker.skyblock.rift; de.hysky.skyblocker
forkassn3,de.hysky.skyblocker,Cyclic Dependency,The tool detected the smell in this component because this component participates in a cyclic dependency. The participating components in the cycle are: de.hysky.skyblocker; de.hysky.skyblocker.skyblock.tabhud.screenbuilder; de.hysky.skyblocker
forkassn3,de.hysky.skyblocker,Cyclic Dependency,The tool detected the smell in this component because this component participates in a cyclic dependency. The participating components in the cycle are: de.hysky.skyblocker; de.hysky.skyblocker.debug; de.hysky.skyblocker
forkassn3,de.hysky.skyblocker,Cyclic Dependency,The tool detected the smell in this component because this component participates in a cyclic dependency. The participating components in the cycle are: de.hysky.skyblocker; de.hysky.skyblocker.skyblock.crimson.kuudra; de.hysky.skyblocker
forkassn3,de.hysky.skyblocker,Cyclic Dependency,The tool detected the smell in this component because this component participates in a cyclic dependency. The participating components in the cycle are: de.hysky.skyblocker; de.hysky.skyblocker.utils.render; de.hysky.skyblocker
forkassn3,de.hysky.skyblocker,Cyclic Dependency,The tool detected the smell in this component because this component participates in a cyclic dependency. The participating components in the cycle are: de.hysky.skyblocker; de.hysky.skyblocker.skyblock.fancybars; de.hysky.skyblocker
forkassn3,de.hysky.skyblocker,Cyclic Dependency,The tool detected the smell in this component because this component participates in a cyclic dependency. The participating components in the cycle are: de.hysky.skyblocker; de.hysky.skyblocker.skyblock.events; de.hysky.skyblocker
forkassn3,de.hysky.skyblocker,Cyclic Dependency,The tool detected the smell in this component because this component participates in a cyclic dependency. The participating components in the cycle are: de.hysky.skyblocker; de.hysky.skyblocker.skyblock.chocolatefactory; de.hysky.skyblocker
forkassn3,de.hysky.skyblocker,Cyclic Dependency,The tool detected the smell in this component because this component participates in a cyclic dependency. The participating components in the cycle are: de.hysky.skyblocker; de.hysky.skyblocker.skyblock; de.hysky.skyblocker.config.configs; de.hysky.skyblocker
forkassn3,de.hysky.skyblocker,Cyclic Dependency,The tool detected the smell in this component because this component participates in a cyclic dependency. The participating components in the cycle are: de.hysky.skyblocker; de.hysky.skyblocker.utils.chat; de.hysky.skyblocker.utils; de.hysky.skyblocker
forkassn3,de.hysky.skyblocker,Cyclic Dependency,The tool detected the smell in this component because this component participates in a cyclic dependency. The participating components in the cycle are: de.hysky.skyblocker; de.hysky.skyblocker.utils.discord; de.hysky.skyblocker.config; de.hysky.skyblocker
forkassn3,de.hysky.skyblocker,Cyclic Dependency,The tool detected the smell in this component because this component participates in a cyclic dependency. The participating components in the cycle are: de.hysky.skyblocker; de.hysky.skyblocker.skyblock.searchoverlay; de.hysky.skyblocker.config; de.hysky.skyblocker
forkassn3,de.hysky.skyblocker,Cyclic Dependency,The tool detected the smell in this component because this component participates in a cyclic dependency. The participating components in the cycle are: de.hysky.skyblocker; de.hysky.skyblocker.skyblock.special; de.hysky.skyblocker.utils; de.hysky.skyblocker
forkassn3,de.hysky.skyblocker,Cyclic Dependency,The tool detected the smell in this component because this component participates in a cyclic dependency. The participating components in the cycle are: de.hysky.skyblocker; de.hysky.skyblocker.skyblock.dungeon.puzzle.boulder; de.hysky.skyblocker.skyblock.dungeon.secrets; de.hysky.skyblocker
forkassn3,de.hysky.skyblocker,Cyclic Dependency,The tool detected the smell in this component because this component participates in a cyclic dependency. The participating components in the cycle are: de.hysky.skyblocker; de.hysky.skyblocker.skyblock.crimson.dojo; de.hysky.skyblocker.utils.render; de.hysky.skyblocker
forkassn3,de.hysky.skyblocker,Cyclic Dependency,The tool detected the smell in this component because this component participates in a cyclic dependency. The participating components in the cycle are: de.hysky.skyblocker; de.hysky.skyblocker.skyblock.entity; de.hysky.skyblocker.utils; de.hysky.skyblocker
forkassn3,de.hysky.skyblocker,Cyclic Dependency,The tool detected the smell in this component because this component participates in a cyclic dependency. The participating components in the cycle are: de.hysky.skyblocker; de.hysky.skyblocker.skyblock.mayors; de.hysky.skyblocker.utils; de.hysky.skyblocker
forkassn3,de.hysky.skyblocker,Cyclic Dependency,The tool detected the smell in this component because this component participates in a cyclic dependency. The participating components in the cycle are: de.hysky.skyblocker; de.hysky.skyblocker.skyblock.item.slottext; de.hysky.skyblocker.utils; de.hysky.skyblocker
forkassn3,de.hysky.skyblocker,Cyclic Dependency,The tool detected the smell in this component because this component participates in a cyclic dependency. The participating components in the cycle are: de.hysky.skyblocker; de.hysky.skyblocker.utils.render.gui; de.hysky.skyblocker.skyblock.experiment; de.hysky.skyblocker.config.configs; de.hysky.skyblocker
forkassn3,de.hysky.skyblocker,Cyclic Dependency,The tool detected the smell in this component because this component participates in a cyclic dependency. The participating components in the cycle are: de.hysky.skyblocker; de.hysky.skyblocker.utils.render.gui; de.hysky.skyblocker.skyblock.accessories.newyearcakes; de.hysky.skyblocker.config; de.hysky.skyblocker
forkassn3,de.hysky.skyblocker.skyblock.filters,Feature Concentration,The tool detected the smell in this component because the component realizes more than one architectural concern/feature. Independent sets of related classes within this component are: [ComboFilterTest; ChatFilterTest; TeleportPadFilterTest; HealFilterTest; ImplosionFilterTest; AbilityFilterTest; AoteFilterTest]; [AdFilterTest]; [AutopetFilterTest]; [ShowOffFilterTest]; [AoteFilter; SimpleChatFilter; ImplosionFilter; AbilityFilter; ShowOffFilter; ToggleSkyMallFilter; DicerFilter; MoltenWaveFilter; TeleportPadFilter; HealFilter; ComboFilter]; [MimicFilter]; [DeathFilter]; [AutopetFilter]; [AdFilter]. LCC (Lack of Component Cohesion) = 0.36
forkassn3,de.hysky.skyblocker.skyblock.dwarven,Feature Concentration,The tool detected the smell in this component because the component realizes more than one architectural concern/feature. Independent sets of related classes within this component are: [FetchurTest]; [MetalDetectorTest; MetalDetector; CrystalsWaypoint; CrystalsLocationManagerTest; CrystalsLocationsManager; CrystalsHudTest; CrystalsHud; CrystalsHudConfigScreen; Category; Category.DwarvenCategory; Category.DwarvenEmissaries; Category.GlaciteCategory]; [PuzzlerTest]; [GlaciteColdOverlay]; [DwarvenHudConfigScreen; DwarvenHud; CommissionLabels]; [CommissionHighlight]; [NucleusWaypoints]; [NucleusWaypoints.Waypoint]; [Fetchur]; [Puzzler]; [CrystalsWaypoint.Category]. LCC (Lack of Component Cohesion) = 0.46
forkassn3,de.hysky.skyblocker.skyblock.dwarven,Cyclic Dependency,The tool detected the smell in this component because this component participates in a cyclic dependency. The participating components in the cycle are: de.hysky.skyblocker.skyblock.dwarven; de.hysky.skyblocker.skyblock.tabhud.widget.hud; de.hysky.skyblocker.skyblock.dwarven
forkassn3,de.hysky.skyblocker.skyblock,Feature Concentration,The tool detected the smell in this component because the component realizes more than one architectural concern/feature. Independent sets of related classes within this component are: [StatusBarTrackerTest; StatusBarTracker; StatusBarTrackerTest.StatusBarAssert]; [ChestValueTest; ChestValue]; [FishingHelper]; [PetDetails; PetCache]; [QuiverWarning]; [QuiverWarning.Type]; [TeleportOverlay]; [CompactDamage]; [WarpAutocomplete]; [Tips]. LCC (Lack of Component Cohesion) = 0.71
forkassn3,de.hysky.skyblocker.skyblock,Cyclic Dependency,The tool detected the smell in this component because this component participates in a cyclic dependency. The participating components in the cycle are: de.hysky.skyblocker.skyblock; de.hysky.skyblocker.skyblock.item; de.hysky.skyblocker.skyblock
forkassn3,de.hysky.skyblocker.skyblock.dungeon.puzzle,Feature Concentration,The tool detected the smell in this component because the component realizes more than one architectural concern/feature. Independent sets of related classes within this component are: [SilverfishTest; Silverfish; DungeonPuzzle; DungeonBlaze; IceFill; ThreeWeirdos; CreeperBeams; TicTacToe; ThreeWeirdosTest; IceFillTest]; [TriviaTest]; [Trivia]; [CreeperBeams.Beam]. LCC (Lack of Component Cohesion) = 0.31
forkassn3,de.hysky.skyblocker.skyblock.dungeon.secrets,Unstable Dependency,The tool detected the smell in this component because this component depends on other components that are less stable than itself. This component depends on following less stable component(s): de.hysky.skyblocker.skyblock.dungeon; de.hysky.skyblocker.skyblock.tabhud.widget
forkassn3,de.hysky.skyblocker.skyblock.dungeon.secrets,Feature Concentration,The tool detected the smell in this component because the component realizes more than one architectural concern/feature. Independent sets of related classes within this component are: [SecretWaypointTest; SecretWaypoint; DungeonRoomsDFU; DungeonManager; Room; DungeonMapUtils; RoomTest; DebugRoom]; [Room.Type]; [Room.Shape]; [Room.Direction]; [Room.DirectionArgumentType]; [Room.MatchState]; [SecretsTracker]; [SecretsTracker.RunPhase]; [SecretWaypoint.Category]; [SecretWaypoint.CategoryArgumentType]. LCC (Lack of Component Cohesion) = 0.59
forkassn3,de.hysky.skyblocker.skyblock.dungeon,Feature Concentration,The tool detected the smell in this component because the component realizes more than one architectural concern/feature. Independent sets of related classes within this component are: [AcceptRepartyTest]; [LividColor]; [Reparty]; [OldLever]; [FireFreezeStaffTimer]; [GuardianHealth]; [DungeonScoreHUD; DungeonMapConfigScreen; DungeonScore; DungeonMap]; [DungeonBoss]; [CroesusHelper]; [DungeonTextures]; [DungeonScore.FloorRequirement]; [CroesusProfit]. LCC (Lack of Component Cohesion) = 0.8
forkassn3,de.hysky.skyblocker.skyblock.item,Unstable Dependency,The tool detected the smell in this component because this component depends on other components that are less stable than itself. This component depends on following less stable component(s): de.hysky.skyblocker.skyblock
forkassn3,de.hysky.skyblocker.skyblock.item,Feature Concentration,The tool detected the smell in this component because the component realizes more than one architectural concern/feature. Independent sets of related classes within this component are: [ArmorTrimIdSerializationTest]; [ItemCooldowns]; [SkyblockInventoryScreen]; [SkyblockInventoryScreen.EquipmentSlot]; [CustomItemNames]; [MuseumItemCache]; [CustomArmorAnimatedDyes; CustomArmorDyeColors]; [CustomArmorAnimatedDyes.AnimatedDyeStateTracker]; [CustomArmorTrims]; [WikiLookup]; [SkyblockCraftingTableScreenHandler; SkyblockCraftingTableScreen]; [SkyblockCraftingTableScreenHandler.DisabledSlot]; [ItemRarityBackgrounds; SkyblockItemRarity]; [PlayerHeadHashCache]; [SkyblockCraftingTableScreen.DummyRecipeScreenHandler]; [ItemProtection]; [HotbarSlotLock]. LCC (Lack of Component Cohesion) = 0.85
forkassn3,de.hysky.skyblocker.skyblock.item,Cyclic Dependency,The tool detected the smell in this component because this component participates in a cyclic dependency. The participating components in the cycle are: de.hysky.skyblocker.skyblock.item; de.hysky.skyblocker.utils; de.hysky.skyblocker.skyblock.item
forkassn3,de.hysky.skyblocker.skyblock.waypoint,Feature Concentration,The tool detected the smell in this component because the component realizes more than one architectural concern/feature. Independent sets of related classes within this component are: [MythologicalRitualTest; MythologicalRitual]; [OrderedWaypoints]; [OrderedWaypoints.OrderedWaypoint]; [OrderedWaypoints.RelativeIndex]; [Relics]; [FairySouls]; [MythologicalRitual.GriffinBurrow]; [WaypointsListWidget; AbstractWaypointsScreen; WaypointsShareScreen; Waypoints; WaypointsListWidget.WaypointEntry; WaypointsScreen; DropdownWidget; DropdownWidget.Entry]; [WaypointsListWidget.AbstractWaypointEntry]; [WaypointsListWidget.WaypointCategoryEntry]. LCC (Lack of Component Cohesion) = 0.56
forkassn3,de.hysky.skyblocker.skyblock.waypoint,Cyclic Dependency,The tool detected the smell in this component because this component participates in a cyclic dependency. The participating components in the cycle are: de.hysky.skyblocker.skyblock.waypoint; de.hysky.skyblocker.utils.waypoint; de.hysky.skyblocker.skyblock.waypoint
forkassn3,de.hysky.skyblocker.mixins,God Component,The tool detected the smell in this component because the component contains high number of classes. Number of classes in the component are: 35
forkassn3,de.hysky.skyblocker.mixins,Feature Concentration,The tool detected the smell in this component because the component realizes more than one architectural concern/feature. Independent sets of related classes within this component are: [DrawContextMixin]; [GenericContainerScreenHandlerMixin]; [SignEditScreenMixin]; [LeverBlockMixin]; [LivingEntityRendererMixin]; [ComponentHolderMixin]; [AbstractInventoryScreenMixin]; [EntityRenderDispatcherMixin]; [ScoreboardMixin]; [SocialInteractionsPlayerListWidgetMixin]; [FarmlandBlockMixin]; [MinecraftClientMixin]; [InGameHudMixin]; [YggdrasilServicesKeyInfoMixin]; [ItemStackMixin]; [InventoryScreenMixin]; [HandledScreenMixin]; [ClientPlayNetworkHandlerMixin]; [WorldRendererMixin]; [RenderFishMixin]; [CommandTreeS2CPacketMixin]; [HandledScreenProviderMixin]; [PingMeasurerMixin]; [WindowMixin]; [ClientWorldMixin]; [MouseMixin]; [PlayerSkinTextureMixin]; [ClientPlayerEntityMixin]; [PlayerInventoryMixin]; [PlayerListHudMixin]; [DataTrackerMixin]; [YggdrasilMinecraftSessionServiceMixin]; [BatEntityMixin]; [InGameOverlayRendererMixin]; [PlayerSkinProviderMixin]. LCC (Lack of Component Cohesion) = 1.0
forkassn3,de.hysky.skyblocker.mixins.accessors,Feature Concentration,The tool detected the smell in this component because the component realizes more than one architectural concern/feature. Independent sets of related classes within this component are: [ScreenAccessor]; [MessageHandlerAccessor]; [SkullBlockEntityAccessor]; [EndermanEntityAccessor]; [HandledScreenAccessor]; [MinecraftClientAccessor]; [FrustumInvoker]; [DrawContextInvoker]; [PlayerListHudAccessor]; [BeaconBlockEntityRendererInvoker]; [CheckboxWidgetAccessor]; [RecipeBookWidgetAccessor]; [WorldRendererAccessor]; [SlotAccessor]. LCC (Lack of Component Cohesion) = 1.0
forkassn3,de.hysky.skyblocker.config,Unstable Dependency,The tool detected the smell in this component because this component depends on other components that are less stable than itself. This component depends on following less stable component(s): de.hysky.skyblocker; de.hysky.skyblocker.utils; de.hysky.skyblocker.skyblock.tabhud.widget; de.hysky.skyblocker.utils.render
forkassn3,de.hysky.skyblocker.config,Cyclic Dependency,The tool detected the smell in this component because this component participates in a cyclic dependency. The participating components in the cycle are: de.hysky.skyblocker.config; de.hysky.skyblocker.skyblock.tabhud.widget; de.hysky.skyblocker.config
forkassn3,de.hysky.skyblocker.config,Cyclic Dependency,The tool detected the smell in this component because this component participates in a cyclic dependency. The participating components in the cycle are: de.hysky.skyblocker.config; de.hysky.skyblocker.skyblock.tabhud.widget; de.hysky.skyblocker.skyblock.tabhud.widget.component; de.hysky.skyblocker.config
forkassn3,de.hysky.skyblocker.config,Cyclic Dependency,The tool detected the smell in this component because this component participates in a cyclic dependency. The participating components in the cycle are: de.hysky.skyblocker.config; de.hysky.skyblocker.skyblock.tabhud.widget; de.hysky.skyblocker.skyblock.tabhud.util; de.hysky.skyblocker.config
forkassn3,de.hysky.skyblocker.config.configs,God Component,The tool detected the smell in this component because the component contains high number of classes. Number of classes in the component are: 89
forkassn3,de.hysky.skyblocker.config.configs,Unstable Dependency,The tool detected the smell in this component because this component depends on other components that are less stable than itself. This component depends on following less stable component(s): de.hysky.skyblocker.utils.waypoint; de.hysky.skyblocker
forkassn3,de.hysky.skyblocker.config.configs,Feature Concentration,The tool detected the smell in this component because the component realizes more than one architectural concern/feature. Independent sets of related classes within this component are: [UIAndVisualsConfig]; [UIAndVisualsConfig.ChestValue]; [UIAndVisualsConfig.ItemCooldown]; [UIAndVisualsConfig.TitleContainer]; [UIAndVisualsConfig.Direction]; [UIAndVisualsConfig.Alignment]; [UIAndVisualsConfig.TabHudConf]; [UIAndVisualsConfig.NameSorting]; [UIAndVisualsConfig.FancyAuctionHouse]; [UIAndVisualsConfig.Bars]; [UIAndVisualsConfig.OldBarPositions]; [UIAndVisualsConfig.OldBarPosition]; [UIAndVisualsConfig.Waypoints]; [UIAndVisualsConfig.TeleportOverlay]; [UIAndVisualsConfig.SearchOverlay]; [UIAndVisualsConfig.InputCalculator]; [UIAndVisualsConfig.FlameOverlay]; [UIAndVisualsConfig.CompactDamage]; [HelperConfig]; [HelperConfig.MythologicalRitual]; [HelperConfig.Jerry]; [HelperConfig.Experiments]; [HelperConfig.Fishing]; [HelperConfig.FairySouls]; [HelperConfig.ChocolateFactory]; [DungeonsConfig]; [DungeonsConfig.DungeonMap]; [DungeonsConfig.PuzzleSolvers]; [DungeonsConfig.TheProfessor]; [DungeonsConfig.Livid]; [DungeonsConfig.Terminals]; [DungeonsConfig.SecretWaypoints]; [DungeonsConfig.MimicMessage]; [DungeonsConfig.DoorHighlight]; [DungeonsConfig.Type]; [DungeonsConfig.DungeonScore]; [DungeonsConfig.DungeonChestProfit]; [MiningConfig]; [MiningConfig.DwarvenMines]; [MiningConfig.DwarvenHud]; [MiningConfig.CrystalHollows]; [MiningConfig.CrystalsHud]; [MiningConfig.CrystalsWaypoints]; [MiningConfig.CommissionWaypoints]; [MiningConfig.CommissionWaypointMode]; [MiningConfig.Glacite]; [MiningConfig.DwarvenHudStyle]; [OtherLocationsConfig]; [OtherLocationsConfig.Barn]; [OtherLocationsConfig.Rift]; [OtherLocationsConfig.TheEnd]; [OtherLocationsConfig.SpidersDen]; [OtherLocationsConfig.Relics]; [FarmingConfig]; [FarmingConfig.Garden]; [FarmingConfig.FarmingHud]; [ForagingConfig]; [ForagingConfig.Hunting]; [CrimsonIsleConfig]; [CrimsonIsleConfig.Kuudra]; [CrimsonIsleConfig.Dojo]; [ChatConfig]; [ChatConfig.ChatRuleConfig]; [QuickNavigationConfig]; [QuickNavigationConfig.QuickNavItem]; [QuickNavigationConfig.ItemData]; [SlayersConfig]; [SlayersConfig.EndermanSlayer]; [SlayersConfig.VampireSlayer]; [GeneralConfig]; [GeneralConfig.Shortcuts]; [GeneralConfig.QuiverWarning]; [GeneralConfig.ItemList]; [GeneralConfig.ItemTooltip]; [GeneralConfig.Average]; [GeneralConfig.Craft]; [GeneralConfig.ItemInfoDisplay]; [GeneralConfig.RarityBackgroundStyle]; [GeneralConfig.ItemProtection]; [GeneralConfig.SlotLockStyle]; [GeneralConfig.WikiLookup]; [GeneralConfig.SpecialEffects]; [GeneralConfig.Hitbox]; [EventNotificationsConfig]; [EventNotificationsConfig.Criterion]; [EventNotificationsConfig.Sound]; [MiscConfig]; [MiscConfig.RichPresence]; [MiscConfig.Info]. LCC (Lack of Component Cohesion) = 1.0
forkassn3,de.hysky.skyblocker.config.categories,Feature Concentration,The tool detected the smell in this component because the component realizes more than one architectural concern/feature. Independent sets of related classes within this component are: [DungeonsCategory]; [EventNotificationsCategory]; [SlayersCategory]; [HelperCategory]; [ChatCategory]; [ForagingCategory]; [MiningCategory]; [CrimsonIsleCategory]; [OtherLocationsCategory]; [UIAndVisualsCategory]; [MiscCategory]; [GeneralCategory]; [QuickNavigationCategory]; [FarmingCategory]. LCC (Lack of Component Cohesion) = 1.0
forkassn3,de.hysky.skyblocker.utils.render,Unstable Dependency,The tool detected the smell in this component because this component depends on other components that are less stable than itself. This component depends on following less stable component(s): de.hysky.skyblocker.utils.render.title; de.hysky.skyblocker; de.hysky.skyblocker.utils.render.culling
forkassn3,de.hysky.skyblocker.utils.render,Cyclic Dependency,The tool detected the smell in this component because this component participates in a cyclic dependency. The participating components in the cycle are: de.hysky.skyblocker.utils.render; de.hysky.skyblocker.utils.render.title; de.hysky.skyblocker.utils.render
forkassn3,de.hysky.skyblocker.utils.render,Cyclic Dependency,The tool detected the smell in this component because this component participates in a cyclic dependency. The participating components in the cycle are: de.hysky.skyblocker.utils.render; de.hysky.skyblocker.utils.render.culling; de.hysky.skyblocker.utils.render
forkassn3,de.hysky.skyblocker.utils.render.gui,Unstable Dependency,The tool detected the smell in this component because this component depends on other components that are less stable than itself. This component depends on following less stable component(s): de.hysky.skyblocker.skyblock.auction; de.hysky.skyblocker.skyblock.accessories.newyearcakes
forkassn3,de.hysky.skyblocker.utils.render.gui,Feature Concentration,The tool detected the smell in this component because the component realizes more than one architectural concern/feature. Independent sets of related classes within this component are: [AbstractCustomHypixelGUI]; [AbstractPopupScreen]; [AbstractPopupScreen.EnterConfirmTextFieldWidget]; [SideTabButtonWidget]; [ContainerSolver; AbstractContainerMatcher; ContainerSolverManager]. LCC (Lack of Component Cohesion) = 0.71
forkassn3,de.hysky.skyblocker.events,Unstable Dependency,The tool detected the smell in this component because this component depends on other components that are less stable than itself. This component depends on following less stable component(s): de.hysky.skyblocker.skyblock.dungeon.secrets
forkassn3,de.hysky.skyblocker.events,Feature Concentration,The tool detected the smell in this component because the component realizes more than one architectural concern/feature. Independent sets of related classes within this component are: [DungeonEvents]; [DungeonEvents.RoomMatched]; [SkyblockEvents]; [SkyblockEvents.SkyblockJoin]; [SkyblockEvents.SkyblockLeave]; [SkyblockEvents.SkyblockLocationChange]; [SkyblockEvents.ProfileChange]; [HudRenderEvents]; [HudRenderEvents.HudRenderStage]. LCC (Lack of Component Cohesion) = 1.0
forkassn3,de.hysky.skyblocker.events,Cyclic Dependency,The tool detected the smell in this component because this component participates in a cyclic dependency. The participating components in the cycle are: de.hysky.skyblocker.events; de.hysky.skyblocker.skyblock.dungeon.secrets; de.hysky.skyblocker.events
forkassn3,de.hysky.skyblocker.skyblock.shortcut,Feature Concentration,The tool detected the smell in this component because the component realizes more than one architectural concern/feature. Independent sets of related classes within this component are: [ShortcutsConfigListWidget; ShortcutsConfigScreen; Shortcuts]; [ShortcutsConfigListWidget.AbstractShortcutEntry]; [ShortcutsConfigListWidget.ShortcutCategoryEntry]; [ShortcutsConfigListWidget.ShortcutLoadingEntry]; [ShortcutsConfigListWidget.ShortcutEntry]. LCC (Lack of Component Cohesion) = 0.71
forkassn3,de.hysky.skyblocker.skyblock.auction,Unstable Dependency,The tool detected the smell in this component because this component depends on other components that are less stable than itself. This component depends on following less stable component(s): de.hysky.skyblocker.skyblock.auction.widgets
forkassn3,de.hysky.skyblocker.skyblock.auction,Feature Concentration,The tool detected the smell in this component because the component realizes more than one architectural concern/feature. Independent sets of related classes within this component are: [SlotClickHandler]; [AuctionHouseScreenHandler; AuctionBrowserScreen; AuctionViewScreen; EditBidPopup]; [AuctionBrowserScreen.ScaledTextButtonWidget]; [AuctionViewScreen.BuyState]. LCC (Lack of Component Cohesion) = 0.57
forkassn3,de.hysky.skyblocker.skyblock.auction,Cyclic Dependency,The tool detected the smell in this component because this component participates in a cyclic dependency. The participating components in the cycle are: de.hysky.skyblocker.skyblock.auction; de.hysky.skyblocker.skyblock.auction.widgets; de.hysky.skyblocker.skyblock.auction
forkassn3,de.hysky.skyblocker.skyblock.auction.widgets,Feature Concentration,The tool detected the smell in this component because the component realizes more than one architectural concern/feature. Independent sets of related classes within this component are: [SortWidget; SliderWidget; SortWidget.Option; AuctionTypeWidget; AuctionTypeWidget.Option]; [CategoryTabWidget]; [RarityWidget]; [SliderWidget.OptionInfo]. LCC (Lack of Component Cohesion) = 0.5
forkassn3,de.hysky.skyblocker.skyblock.crimson.dojo,Feature Concentration,The tool detected the smell in this component because the component realizes more than one architectural concern/feature. Independent sets of related classes within this component are: [ForceTestHelper; DojoManager; StaminaTestHelper; MasteryTestHelper; DisciplineTestHelper; SwiftnessTestHelper; ControlTestHelper; TenacityTestHelper]; [DojoManager.DojoChallenges]; [StaminaTestHelper.HoleDirection]. LCC (Lack of Component Cohesion) = 0.3
forkassn3,de.hysky.skyblocker.skyblock.rift,Feature Concentration,The tool detected the smell in this component because the component realizes more than one architectural concern/feature. Independent sets of related classes within this component are: [EnigmaSouls]; [TheRift]; [MirrorverseWaypoints]; [TwinClawsIndicator]; [EffigyWaypoints]; [StakeIndicator]; [ManiaIndicator]; [HealingMelonIndicator]. LCC (Lack of Component Cohesion) = 1.0
forkassn3,de.hysky.skyblocker.skyblock.garden,Feature Concentration,The tool detected the smell in this component because the component realizes more than one architectural concern/feature. Independent sets of related classes within this component are: [FarmingHudWidget; FarmingHud; LowerSensitivity; FarmingHudConfigScreen]; [VisitorHelper]; [FarmingHud.CounterType]. LCC (Lack of Component Cohesion) = 0.5
forkassn3,de.hysky.skyblocker.skyblock.tabhud.widget,God Component,The tool detected the smell in this component because the component contains high number of classes. Number of classes in the component are: 43
forkassn3,de.hysky.skyblocker.skyblock.tabhud.widget.rift,Feature Concentration,The tool detected the smell in this component because the component realizes more than one architectural concern/feature. Independent sets of related classes within this component are: [ShenWidget]; [GoodToKnowWidget]; [RiftProgressWidget]; [RiftServerInfoWidget]; [AdvertisementWidget]; [RiftProfileWidget]; [RiftStatsWidget]. LCC (Lack of Component Cohesion) = 1.0
forkassn3,de.hysky.skyblocker.skyblock.tabhud.widget.hud,Unstable Dependency,The tool detected the smell in this component because this component depends on other components that are less stable than itself. This component depends on following less stable component(s): de.hysky.skyblocker.skyblock.dwarven
forkassn3,de.hysky.skyblocker.skyblock.tabhud.util,Unstable Dependency,The tool detected the smell in this component because this component depends on other components that are less stable than itself. This component depends on following less stable component(s): de.hysky.skyblocker.utils
forkassn3,de.hysky.skyblocker.skyblock.tabhud.util,Feature Concentration,The tool detected the smell in this component because the component realizes more than one architectural concern/feature. Independent sets of related classes within this component are: [ScreenConst]; [Colors]; [PlayerLocator; PlayerListMgr]; [PlayerLocator.Location]; [Ico]. LCC (Lack of Component Cohesion) = 0.83
forkassn3,de.hysky.skyblocker.skyblock.tabhud.screenbuilder.pipeline,Feature Concentration,The tool detected the smell in this component because the component realizes more than one architectural concern/feature. Independent sets of related classes within this component are: [StackStage; PipelineStage; AlignStage; PlaceStage; CollideStage]; [StackStage.StackDirection]; [StackStage.StackAlign]; [AlignStage.AlignReference]; [PlaceStage.PlaceLocation]; [CollideStage.CollideDirection]. LCC (Lack of Component Cohesion) = 0.6
forkassn3,de.hysky.skyblocker.skyblock.tabhud.screenbuilder,Unstable Dependency,The tool detected the smell in this component because this component depends on other components that are less stable than itself. This component depends on following less stable component(s): de.hysky.skyblocker.skyblock.tabhud.widget; de.hysky.skyblocker.skyblock.tabhud.screenbuilder.pipeline; de.hysky.skyblocker
forkassn3,de.hysky.skyblocker.skyblock.tabhud.screenbuilder,Cyclic Dependency,The tool detected the smell in this component because this component participates in a cyclic dependency. The participating components in the cycle are: de.hysky.skyblocker.skyblock.tabhud.screenbuilder; de.hysky.skyblocker.skyblock.tabhud.screenbuilder.pipeline; de.hysky.skyblocker.skyblock.tabhud.screenbuilder
forkassn3,de.hysky.skyblocker.skyblock.itemlist,Unstable Dependency,The tool detected the smell in this component because this component depends on other components that are less stable than itself. This component depends on following less stable component(s): de.hysky.skyblocker.utils.render.gui; de.hysky.skyblocker.skyblock.events; de.hysky.skyblocker.skyblock.tabhud.widget
forkassn3,de.hysky.skyblocker.skyblock.itemlist,Feature Concentration,The tool detected the smell in this component because the component realizes more than one architectural concern/feature. Independent sets of related classes within this component are: [SkyblockCraftingRecipe; SearchResultsWidget; ItemRepository; ItemListTab; ItemStackBuilder; ItemFixerUpper; ItemListWidget; UpcomingEventsTab]; [ResultButtonWidget]; [ItemListWidget.TabContainerWidget]; [UpcomingEventsTab.EventRenderer]. LCC (Lack of Component Cohesion) = 0.36
forkassn3,de.hysky.skyblocker.skyblock.itemlist,Cyclic Dependency,The tool detected the smell in this component because this component participates in a cyclic dependency. The participating components in the cycle are: de.hysky.skyblocker.skyblock.itemlist; de.hysky.skyblocker.utils; de.hysky.skyblocker.skyblock.itemlist
forkassn3,de.hysky.skyblocker.skyblock.fancybars,Feature Concentration,The tool detected the smell in this component because the component realizes more than one architectural concern/feature. Independent sets of related classes within this component are: [StatusBarsConfigScreen; FancyStatusBars; StatusBar; EditBarWidget; BarPositioner; StatusBarConfig; IconPosition; StatusBarRenderer; OnClick]; [EditBarColorPopup]; [EditBarColorPopup.BasicColorSelector]; [StatusBarProperties]; [EditBarWidget.EnumCyclingOption]; [EditBarWidget.BooleanOption]; [EditBarWidget.ColorOption]; [BarPositioner.BarAnchor]; [BarPositioner.AnchorPositionProvider]; [BarPositioner.AnchorHitboxProvider]. LCC (Lack of Component Cohesion) = 0.56
forkassn3,de.hysky.skyblocker.skyblock.dungeon.puzzle.waterboard,Feature Concentration,The tool detected the smell in this component because the component realizes more than one architectural concern/feature. Independent sets of related classes within this component are: [Waterboard; Cell; Cell.SwitchCell; Switch]; [Waterboard.Changed]; [Waterboard.Result]; [Cell.Type]. LCC (Lack of Component Cohesion) = 0.57
forkassn3,de.hysky.skyblocker.skyblock.dungeon.partyfinder,Feature Concentration,The tool detected the smell in this component because the component realizes more than one architectural concern/feature. Independent sets of related classes within this component are: [PartyEntry; PartyEntry.NoParties; PartyEntry.YourParty; PartyEntryListWidget; PartyFinderScreen; OptionDropdownWidget; FinderSettingsContainer; RangedValueWidget; OptionDropdownWidget.Option]; [PartyEntry.Player]; [RangedValueWidget.State]; [RangedValueWidget.ModifiedTextFieldWidget]; [PartyFinderScreen.Page]. LCC (Lack of Component Cohesion) = 0.38
forkassn3,de.hysky.skyblocker.skyblock.end,Feature Concentration,The tool detected the smell in this component because the component realizes more than one architectural concern/feature. Independent sets of related classes within this component are: [BeaconHighlighter]; [EndHudConfigScreen; EndHudWidget; TheEnd]; [EnderNodes]; [EnderNodes.EnderNode]. LCC (Lack of Component Cohesion) = 0.67
forkassn3,de.hysky.skyblocker.skyblock.profileviewer,Cyclic Dependency,The tool detected the smell in this component because this component participates in a cyclic dependency. The participating components in the cycle are: de.hysky.skyblocker.skyblock.profileviewer; de.hysky.skyblocker.skyblock.profileviewer.utils; de.hysky.skyblocker.skyblock.profileviewer
forkassn3,de.hysky.skyblocker.skyblock.profileviewer.utils,Unstable Dependency,The tool detected the smell in this component because this component depends on other components that are less stable than itself. This component depends on following less stable component(s): de.hysky.skyblocker.skyblock.profileviewer; de.hysky.skyblocker
forkassn3,de.hysky.skyblocker.skyblock.profileviewer.inventory,Cyclic Dependency,The tool detected the smell in this component because this component participates in a cyclic dependency. The participating components in the cycle are: de.hysky.skyblocker.skyblock.profileviewer.inventory; de.hysky.skyblocker.skyblock.profileviewer.inventory.itemLoaders; de.hysky.skyblocker.skyblock.profileviewer.inventory
forkassn3,de.hysky.skyblocker.skyblock.profileviewer.inventory.itemLoaders,Unstable Dependency,The tool detected the smell in this component because this component depends on other components that are less stable than itself. This component depends on following less stable component(s): de.hysky.skyblocker.skyblock.profileviewer.inventory
forkassn3,de.hysky.skyblocker.skyblock.item.tooltip.adders,Feature Concentration,The tool detected the smell in this component because the component realizes more than one architectural concern/feature. Independent sets of related classes within this component are: [LineSmoothener]; [ColorTooltip]; [ColorTooltip.DyeType]; [NpcPriceTooltip]; [AccessoryTooltip]; [MuseumTooltip]; [BazaarPriceTooltip; LBinTooltip; AvgBinTooltip]; [ObtainedDateTooltip]; [MotesTooltip]; [DungeonQualityTooltip]; [SupercraftReminder]; [CraftPriceTooltip]. LCC (Lack of Component Cohesion) = 0.86
forkassn3,de.hysky.skyblocker.skyblock.item.tooltip,Unstable Dependency,The tool detected the smell in this component because this component depends on other components that are less stable than itself. This component depends on following less stable component(s): de.hysky.skyblocker; de.hysky.skyblocker.skyblock.item; de.hysky.skyblocker.skyblock.item.tooltip.adders
forkassn3,de.hysky.skyblocker.skyblock.item.tooltip,Feature Concentration,The tool detected the smell in this component because the component realizes more than one architectural concern/feature. Independent sets of related classes within this component are: [AccessoriesHelper; TooltipInfoType; ItemTooltip]; [AccessoriesHelper.AccessoryReport]; [TooltipManager; TooltipAdder]; [DrawPreviewParameters; CompactorDeletorPreview]; [BackpackPreview]; [BackpackPreview.Storage]; [CompactorPreviewTooltipComponent]. LCC (Lack of Component Cohesion) = 0.64
forkassn3,de.hysky.skyblocker.skyblock.item.tooltip,Cyclic Dependency,The tool detected the smell in this component because this component participates in a cyclic dependency. The participating components in the cycle are: de.hysky.skyblocker.skyblock.item.tooltip; de.hysky.skyblocker.skyblock.item.tooltip.adders; de.hysky.skyblocker.skyblock.item.tooltip
forkassn3,de.hysky.skyblocker.skyblock.item.slottext.adders,Feature Concentration,The tool detected the smell in this component because the component realizes more than one architectural concern/feature. Independent sets of related classes within this component are: [CatacombsLevelAdder; PetLevelAdder]; [CatacombsLevelAdder.Dungeoneering]; [CatacombsLevelAdder.DungeonClasses]; [CatacombsLevelAdder.ReadyUp]; [AttributeShardAdder]; [EnchantmentLevelAdder]; [CommunityShopAdder]; [RancherBootsSpeedAdder]; [YourEssenceAdder]; [EssenceShopAdder]; [SkillLevelAdder]; [CollectionAdder]; [StatsTuningAdder]; [MinionLevelAdder]; [PowerStonesGuideAdder]; [PrehistoricEggAdder]; [PotionLevelAdder]; [SkyblockLevelAdder]. LCC (Lack of Component Cohesion) = 0.95
forkassn3,de.hysky.skyblocker.skyblock.chocolatefactory,Feature Concentration,The tool detected the smell in this component because the component realizes more than one architectural concern/feature. Independent sets of related classes within this component are: [TimeTowerReminder]; [ChocolateFactorySolver]; [ChocolateFactorySolver.StraySound]; [ChocolateFactorySolver.Tooltip]; [EggFinder]; [EggFinder.EggType]. LCC (Lack of Component Cohesion) = 1.0
forkassn3,de.hysky.skyblocker.debug,Unstable Dependency,The tool detected the smell in this component because this component depends on other components that are less stable than itself. This component depends on following less stable component(s): de.hysky.skyblocker
