Project Name,Package Name,Type Name,Testability Smell,Cause of the Smell
forkassn3,de.hysky.skyblocker.config.datafixer,ConfigDataFixer,Global State,The tool detected the smell in this class because the class declares global variables. The detected global variables are: CONFIG_TYPE
forkassn3,de.hysky.skyblocker.utils,ProfileUtils,Global State,The tool detected the smell in this class because the class declares global variables. The detected global variables are: LOGGER; players; profiles
forkassn3,de.hysky.skyblocker.utils,Utils,Global State,The tool detected the smell in this class because the class declares global variables. The detected global variables are: PROFILE_ID_PREFIX; TEXT_SCOREBOARD; STRING_SCOREBOARD
forkassn3,de.hysky.skyblocker.utils,ItemUtils,Global State,The tool detected the smell in this class because the class declares global variables. The detected global variables are: ID; UUID; NOT_DURABILITY; FUEL_PREDICATE; EMPTY_ALLOWING_ITEMSTACK_CODEC
forkassn3,de.hysky.skyblocker.utils,NEURepoManager,Global State,The tool detected the smell in this class because the class declares global variables. The detected global variables are: REMOTE_REPO_URL; NEU_REPO
forkassn3,de.hysky.skyblocker.utils,Calculator.Token,Global State,The tool detected the smell in this class because the class can be accessed as a `global` state.
forkassn3,de.hysky.skyblocker.utils,PosUtils,Global State,The tool detected the smell in this class because the class declares global variables. The detected global variables are: ALT_BLOCK_POS_CODEC
forkassn3,de.hysky.skyblocker.utils,SkyblockTime,Global State,The tool detected the smell in this class because the class declares global variables. The detected global variables are: skyblockYear; skyblockSeason; skyblockMonth; skyblockDay
forkassn3,de.hysky.skyblocker.utils.scheduler,MessageScheduler,Global State,The tool detected the smell in this class because the class declares global variables. The detected global variables are: INSTANCE
forkassn3,de.hysky.skyblocker.utils.scheduler,Scheduler,Global State,The tool detected the smell in this class because the class declares global variables. The detected global variables are: INSTANCE
forkassn3,de.hysky.skyblocker.utils.waypoint,NamedWaypoint,Global State,The tool detected the smell in this class because the class declares global variables. The detected global variables are: CODEC; SKYTILS_CODEC
forkassn3,de.hysky.skyblocker,SkyblockerMod,Global State,The tool detected the smell in this class because the class declares global variables. The detected global variables are: NAMESPACE; SKYBLOCKER_MOD; VERSION; CONFIG_DIR; GSON; GSON_COMPACT
forkassn3,de.hysky.skyblocker,SkyblockerMod,Excessive Dependency,The tool detected the smell in this class because the class depends on too many dependencies. The total number of dependencies is: 67
forkassn3,de.hysky.skyblocker.skyblock.dwarven,CrystalsHud,Global State,The tool detected the smell in this class because the class declares global variables. The detected global variables are: visible
forkassn3,de.hysky.skyblocker.skyblock.dwarven,DwarvenHud,Global State,The tool detected the smell in this class because the class declares global variables. The detected global variables are: mithrilPowder; gemStonePowder; glacitePowder
forkassn3,de.hysky.skyblocker.skyblock.dwarven,DwarvenHud,Excessive Dependency,The tool detected the smell in this class because the class depends on too many dependencies. The total number of dependencies is: 10
forkassn3,de.hysky.skyblocker.skyblock.chat,ChatRule,Global State,The tool detected the smell in this class because the class declares global variables. The detected global variables are: LIST_CODEC
forkassn3,de.hysky.skyblocker.skyblock,WarpAutocomplete,Global State,The tool detected the smell in this class because the class declares global variables. The detected global variables are: commandNode
forkassn3,de.hysky.skyblocker.skyblock.dungeon.puzzle,Silverfish,Global State,The tool detected the smell in this class because the class declares global variables. The detected global variables are: INSTANCE
forkassn3,de.hysky.skyblocker.skyblock.dungeon.puzzle,IceFill,Global State,The tool detected the smell in this class because the class declares global variables. The detected global variables are: INSTANCE
forkassn3,de.hysky.skyblocker.skyblock.dungeon.secrets,DungeonManager,Excessive Dependency,The tool detected the smell in this class because the class depends on too many dependencies. The total number of dependencies is: 12
forkassn3,de.hysky.skyblocker.skyblock.dungeon.secrets,Room,Excessive Dependency,The tool detected the smell in this class because the class depends on too many dependencies. The total number of dependencies is: 8
forkassn3,de.hysky.skyblocker.skyblock.dungeon.secrets,SecretWaypoint,Global State,The tool detected the smell in this class because the class declares global variables. The detected global variables are: CODEC; LIST_CODEC
forkassn3,de.hysky.skyblocker.skyblock.dungeon.secrets,DungeonMapUtils,Global State,The tool detected the smell in this class because the class declares global variables. The detected global variables are: BLACK_COLOR; WHITE_COLOR
forkassn3,de.hysky.skyblocker.skyblock.dungeon,LividColor,Global State,The tool detected the smell in this class because the class declares global variables. The detected global variables are: LIVID_NAMES; CONFIG
forkassn3,de.hysky.skyblocker.skyblock.dungeon,Reparty,Global State,The tool detected the smell in this class because the class declares global variables. The detected global variables are: PLAYER
forkassn3,de.hysky.skyblocker.skyblock.dungeon,DungeonScore,Excessive Dependency,The tool detected the smell in this class because the class depends on too many dependencies. The total number of dependencies is: 8
forkassn3,de.hysky.skyblocker.skyblock.searchoverlay,SearchOverManager,Global State,The tool detected the smell in this class because the class declares global variables. The detected global variables are: suggestionsArray
forkassn3,de.hysky.skyblocker.skyblock.item,SkyblockInventoryScreen,Global State,The tool detected the smell in this class because the class declares global variables. The detected global variables are: equipment; equipment_rift
forkassn3,de.hysky.skyblocker.skyblock.item,MuseumItemCache,Global State,The tool detected the smell in this class because the class declares global variables. The detected global variables are: DONATION_CONFIRMATION_SCREEN_TITLE
forkassn3,de.hysky.skyblocker.skyblock.item,CustomArmorTrims,Global State,The tool detected the smell in this class because the class declares global variables. The detected global variables are: TRIMS_CACHE; CODEC
forkassn3,de.hysky.skyblocker.skyblock.item,WikiLookup,Global State,The tool detected the smell in this class because the class declares global variables. The detected global variables are: wikiLookup
forkassn3,de.hysky.skyblocker.skyblock.item,SkyblockCraftingTableScreenHandler.DisabledSlot,Global State,The tool detected the smell in this class because the class can be accessed as a `global` state.
forkassn3,de.hysky.skyblocker.skyblock.item,ItemRarityBackgrounds,Global State,The tool detected the smell in this class because the class declares global variables. The detected global variables are: LORE_RARITIES
forkassn3,de.hysky.skyblocker.skyblock.item,ItemProtection,Global State,The tool detected the smell in this class because the class declares global variables. The detected global variables are: itemProtection
forkassn3,de.hysky.skyblocker.skyblock.item,HotbarSlotLock,Global State,The tool detected the smell in this class because the class declares global variables. The detected global variables are: hotbarSlotLock
forkassn3,de.hysky.skyblocker.skyblock.waypoint,FairySouls,Excessive Dependency,The tool detected the smell in this class because the class depends on too many dependencies. The total number of dependencies is: 8
forkassn3,de.hysky.skyblocker.skyblock.waypoint,DropdownWidget,Global State,The tool detected the smell in this class because the class declares global variables. The detected global variables are: ENTRY_HEIGHT
forkassn3,de.hysky.skyblocker.skyblock.waypoint,Waypoints,Global State,The tool detected the smell in this class because the class declares global variables. The detected global variables are: LOGGER
forkassn3,de.hysky.skyblocker.compatibility.rei,SkyblockerREIClientPlugin,Global State,The tool detected the smell in this class because the class declares global variables. The detected global variables are: SKYBLOCK
forkassn3,de.hysky.skyblocker.compatibility.emi,SkyblockerEMIPlugin,Global State,The tool detected the smell in this class because the class declares global variables. The detected global variables are: SIMPLIFIED_TEXTURES; SKYBLOCK
forkassn3,de.hysky.skyblocker.mixins,InGameHudMixin,Excessive Dependency,The tool detected the smell in this class because the class depends on too many dependencies. The total number of dependencies is: 10
forkassn3,de.hysky.skyblocker.mixins,HandledScreenMixin,Excessive Dependency,The tool detected the smell in this class because the class depends on too many dependencies. The total number of dependencies is: 16
forkassn3,de.hysky.skyblocker.mixins,ClientPlayNetworkHandlerMixin,Excessive Dependency,The tool detected the smell in this class because the class depends on too many dependencies. The total number of dependencies is: 12
forkassn3,de.hysky.skyblocker.config,SkyblockerConfigManager,Global State,The tool detected the smell in this class because the class declares global variables. The detected global variables are: CONFIG_VERSION
forkassn3,de.hysky.skyblocker.config,ConfigUtils,Global State,The tool detected the smell in this class because the class declares global variables. The detected global variables are: FORMATTING_FORMATTER; FLOAT_TWO_FORMATTER
forkassn3,de.hysky.skyblocker.config.configs,UIAndVisualsConfig.ChestValue,Global State,The tool detected the smell in this class because the class can be accessed as a `global` state.
forkassn3,de.hysky.skyblocker.config.configs,UIAndVisualsConfig.ItemCooldown,Global State,The tool detected the smell in this class because the class can be accessed as a `global` state.
forkassn3,de.hysky.skyblocker.config.configs,UIAndVisualsConfig.TitleContainer,Global State,The tool detected the smell in this class because the class can be accessed as a `global` state.
forkassn3,de.hysky.skyblocker.config.configs,UIAndVisualsConfig.TabHudConf,Global State,The tool detected the smell in this class because the class can be accessed as a `global` state.
forkassn3,de.hysky.skyblocker.config.configs,UIAndVisualsConfig.FancyAuctionHouse,Global State,The tool detected the smell in this class because the class can be accessed as a `global` state.
forkassn3,de.hysky.skyblocker.config.configs,UIAndVisualsConfig.Bars,Global State,The tool detected the smell in this class because the class can be accessed as a `global` state.
forkassn3,de.hysky.skyblocker.config.configs,UIAndVisualsConfig.OldBarPositions,Global State,The tool detected the smell in this class because the class can be accessed as a `global` state.
forkassn3,de.hysky.skyblocker.config.configs,UIAndVisualsConfig.Waypoints,Global State,The tool detected the smell in this class because the class can be accessed as a `global` state.
forkassn3,de.hysky.skyblocker.config.configs,UIAndVisualsConfig.TeleportOverlay,Global State,The tool detected the smell in this class because the class can be accessed as a `global` state.
forkassn3,de.hysky.skyblocker.config.configs,UIAndVisualsConfig.SearchOverlay,Global State,The tool detected the smell in this class because the class can be accessed as a `global` state.
forkassn3,de.hysky.skyblocker.config.configs,UIAndVisualsConfig.InputCalculator,Global State,The tool detected the smell in this class because the class can be accessed as a `global` state.
forkassn3,de.hysky.skyblocker.config.configs,UIAndVisualsConfig.FlameOverlay,Global State,The tool detected the smell in this class because the class can be accessed as a `global` state.
forkassn3,de.hysky.skyblocker.config.configs,UIAndVisualsConfig.CompactDamage,Global State,The tool detected the smell in this class because the class can be accessed as a `global` state.
forkassn3,de.hysky.skyblocker.config.configs,HelperConfig.MythologicalRitual,Global State,The tool detected the smell in this class because the class can be accessed as a `global` state.
forkassn3,de.hysky.skyblocker.config.configs,HelperConfig.Jerry,Global State,The tool detected the smell in this class because the class can be accessed as a `global` state.
forkassn3,de.hysky.skyblocker.config.configs,HelperConfig.Experiments,Global State,The tool detected the smell in this class because the class can be accessed as a `global` state.
forkassn3,de.hysky.skyblocker.config.configs,HelperConfig.Fishing,Global State,The tool detected the smell in this class because the class can be accessed as a `global` state.
forkassn3,de.hysky.skyblocker.config.configs,HelperConfig.FairySouls,Global State,The tool detected the smell in this class because the class can be accessed as a `global` state.
forkassn3,de.hysky.skyblocker.config.configs,HelperConfig.ChocolateFactory,Global State,The tool detected the smell in this class because the class can be accessed as a `global` state.
forkassn3,de.hysky.skyblocker.config.configs,DungeonsConfig.DungeonMap,Global State,The tool detected the smell in this class because the class can be accessed as a `global` state.
forkassn3,de.hysky.skyblocker.config.configs,DungeonsConfig.PuzzleSolvers,Global State,The tool detected the smell in this class because the class can be accessed as a `global` state.
forkassn3,de.hysky.skyblocker.config.configs,DungeonsConfig.TheProfessor,Global State,The tool detected the smell in this class because the class can be accessed as a `global` state.
forkassn3,de.hysky.skyblocker.config.configs,DungeonsConfig.Livid,Global State,The tool detected the smell in this class because the class can be accessed as a `global` state.
forkassn3,de.hysky.skyblocker.config.configs,DungeonsConfig.Terminals,Global State,The tool detected the smell in this class because the class can be accessed as a `global` state.
forkassn3,de.hysky.skyblocker.config.configs,DungeonsConfig.SecretWaypoints,Global State,The tool detected the smell in this class because the class can be accessed as a `global` state.
forkassn3,de.hysky.skyblocker.config.configs,DungeonsConfig.MimicMessage,Global State,The tool detected the smell in this class because the class can be accessed as a `global` state.
forkassn3,de.hysky.skyblocker.config.configs,DungeonsConfig.DoorHighlight,Global State,The tool detected the smell in this class because the class can be accessed as a `global` state.
forkassn3,de.hysky.skyblocker.config.configs,DungeonsConfig.DungeonScore,Global State,The tool detected the smell in this class because the class can be accessed as a `global` state.
forkassn3,de.hysky.skyblocker.config.configs,DungeonsConfig.DungeonChestProfit,Global State,The tool detected the smell in this class because the class can be accessed as a `global` state.
forkassn3,de.hysky.skyblocker.config.configs,MiningConfig.DwarvenMines,Global State,The tool detected the smell in this class because the class can be accessed as a `global` state.
forkassn3,de.hysky.skyblocker.config.configs,MiningConfig.DwarvenHud,Global State,The tool detected the smell in this class because the class can be accessed as a `global` state.
forkassn3,de.hysky.skyblocker.config.configs,MiningConfig.CrystalHollows,Global State,The tool detected the smell in this class because the class can be accessed as a `global` state.
forkassn3,de.hysky.skyblocker.config.configs,MiningConfig.CrystalsHud,Global State,The tool detected the smell in this class because the class can be accessed as a `global` state.
forkassn3,de.hysky.skyblocker.config.configs,MiningConfig.CrystalsWaypoints,Global State,The tool detected the smell in this class because the class can be accessed as a `global` state.
forkassn3,de.hysky.skyblocker.config.configs,MiningConfig.CommissionWaypoints,Global State,The tool detected the smell in this class because the class can be accessed as a `global` state.
forkassn3,de.hysky.skyblocker.config.configs,MiningConfig.Glacite,Global State,The tool detected the smell in this class because the class can be accessed as a `global` state.
forkassn3,de.hysky.skyblocker.config.configs,OtherLocationsConfig.Barn,Global State,The tool detected the smell in this class because the class can be accessed as a `global` state.
forkassn3,de.hysky.skyblocker.config.configs,OtherLocationsConfig.Rift,Global State,The tool detected the smell in this class because the class can be accessed as a `global` state.
forkassn3,de.hysky.skyblocker.config.configs,OtherLocationsConfig.TheEnd,Global State,The tool detected the smell in this class because the class can be accessed as a `global` state.
forkassn3,de.hysky.skyblocker.config.configs,OtherLocationsConfig.SpidersDen,Global State,The tool detected the smell in this class because the class can be accessed as a `global` state.
forkassn3,de.hysky.skyblocker.config.configs,OtherLocationsConfig.Relics,Global State,The tool detected the smell in this class because the class can be accessed as a `global` state.
forkassn3,de.hysky.skyblocker.config.configs,FarmingConfig.Garden,Global State,The tool detected the smell in this class because the class can be accessed as a `global` state.
forkassn3,de.hysky.skyblocker.config.configs,FarmingConfig.FarmingHud,Global State,The tool detected the smell in this class because the class can be accessed as a `global` state.
forkassn3,de.hysky.skyblocker.config.configs,ForagingConfig.Hunting,Global State,The tool detected the smell in this class because the class can be accessed as a `global` state.
forkassn3,de.hysky.skyblocker.config.configs,CrimsonIsleConfig.Kuudra,Global State,The tool detected the smell in this class because the class can be accessed as a `global` state.
forkassn3,de.hysky.skyblocker.config.configs,CrimsonIsleConfig.Dojo,Global State,The tool detected the smell in this class because the class can be accessed as a `global` state.
forkassn3,de.hysky.skyblocker.config.configs,ChatConfig.ChatRuleConfig,Global State,The tool detected the smell in this class because the class can be accessed as a `global` state.
forkassn3,de.hysky.skyblocker.config.configs,QuickNavigationConfig.QuickNavItem,Global State,The tool detected the smell in this class because the class can be accessed as a `global` state.
forkassn3,de.hysky.skyblocker.config.configs,QuickNavigationConfig.ItemData,Global State,The tool detected the smell in this class because the class can be accessed as a `global` state.
forkassn3,de.hysky.skyblocker.config.configs,SlayersConfig.EndermanSlayer,Global State,The tool detected the smell in this class because the class can be accessed as a `global` state.
forkassn3,de.hysky.skyblocker.config.configs,SlayersConfig.VampireSlayer,Global State,The tool detected the smell in this class because the class can be accessed as a `global` state.
forkassn3,de.hysky.skyblocker.config.configs,GeneralConfig.Shortcuts,Global State,The tool detected the smell in this class because the class can be accessed as a `global` state.
forkassn3,de.hysky.skyblocker.config.configs,GeneralConfig.QuiverWarning,Global State,The tool detected the smell in this class because the class can be accessed as a `global` state.
forkassn3,de.hysky.skyblocker.config.configs,GeneralConfig.ItemList,Global State,The tool detected the smell in this class because the class can be accessed as a `global` state.
forkassn3,de.hysky.skyblocker.config.configs,GeneralConfig.ItemTooltip,Global State,The tool detected the smell in this class because the class can be accessed as a `global` state.
forkassn3,de.hysky.skyblocker.config.configs,GeneralConfig.ItemInfoDisplay,Global State,The tool detected the smell in this class because the class can be accessed as a `global` state.
forkassn3,de.hysky.skyblocker.config.configs,GeneralConfig.ItemProtection,Global State,The tool detected the smell in this class because the class can be accessed as a `global` state.
forkassn3,de.hysky.skyblocker.config.configs,GeneralConfig.WikiLookup,Global State,The tool detected the smell in this class because the class can be accessed as a `global` state.
forkassn3,de.hysky.skyblocker.config.configs,GeneralConfig.SpecialEffects,Global State,The tool detected the smell in this class because the class can be accessed as a `global` state.
forkassn3,de.hysky.skyblocker.config.configs,GeneralConfig.Hitbox,Global State,The tool detected the smell in this class because the class can be accessed as a `global` state.
forkassn3,de.hysky.skyblocker.config.configs,MiscConfig.RichPresence,Global State,The tool detected the smell in this class because the class can be accessed as a `global` state.
forkassn3,de.hysky.skyblocker.utils.discord,DiscordRPCManager,Global State,The tool detected the smell in this class because the class declares global variables. The detected global variables are: DECIMAL_FORMAT; LOGGER; updateTask; startTimeStamp; cycleCount
forkassn3,de.hysky.skyblocker.utils.render,SkyblockerRenderLayers,Global State,The tool detected the smell in this class because the class declares global variables. The detected global variables are: FILLED; FILLED_THROUGH_WALLS
forkassn3,de.hysky.skyblocker.utils.render.gui,AbstractPopupScreen.EnterConfirmTextFieldWidget,Global State,The tool detected the smell in this class because the class can be accessed as a `global` state.
forkassn3,de.hysky.skyblocker.events,DungeonEvents,Global State,The tool detected the smell in this class because the class declares global variables. The detected global variables are: PUZZLE_MATCHED; ROOM_MATCHED
forkassn3,de.hysky.skyblocker.events,SkyblockEvents,Global State,The tool detected the smell in this class because the class declares global variables. The detected global variables are: JOIN; LEAVE; LOCATION_CHANGE; PROFILE_CHANGE
forkassn3,de.hysky.skyblocker.events,HudRenderEvents,Global State,The tool detected the smell in this class because the class declares global variables. The detected global variables are: AFTER_MAIN_HUD; BEFORE_CHAT; LAST
forkassn3,de.hysky.skyblocker.skyblock.shortcut,ShortcutsConfigListWidget.AbstractShortcutEntry,Global State,The tool detected the smell in this class because the class can be accessed as a `global` state.
forkassn3,de.hysky.skyblocker.skyblock.shortcut,Shortcuts,Global State,The tool detected the smell in this class because the class declares global variables. The detected global variables are: commands; commandArgs
forkassn3,de.hysky.skyblocker.skyblock.accessories.newyearcakes,NewYearCakesHelper,Global State,The tool detected the smell in this class because the class declares global variables. The detected global variables are: INSTANCE
forkassn3,de.hysky.skyblocker.skyblock.auction,AuctionBrowserScreen,Global State,The tool detected the smell in this class because the class declares global variables. The detected global variables are: UP_ARROW; DOWN_ARROW; RESET_BUTTON_SLOT; SEARCH_BUTTON_SLOT; BACK_BUTTON_SLOT; SORT_BUTTON_SLOT; RARITY_BUTTON_SLOT; AUCTION_TYPE_BUTTON_SLOT; PREV_PAGE_BUTTON; NEXT_PAGE_BUTTON
forkassn3,de.hysky.skyblocker.skyblock.auction,AuctionBrowserScreen,Excessive Dependency,The tool detected the smell in this class because the class depends on too many dependencies. The total number of dependencies is: 10
forkassn3,de.hysky.skyblocker.skyblock.auction,AuctionViewScreen,Global State,The tool detected the smell in this class because the class declares global variables. The detected global variables are: BACK_BUTTON_SLOT
forkassn3,de.hysky.skyblocker.skyblock.crimson.dojo,DojoManager,Global State,The tool detected the smell in this class because the class declares global variables. The detected global variables are: inArena
forkassn3,de.hysky.skyblocker.skyblock.crimson.dojo,DojoManager,Excessive Dependency,The tool detected the smell in this class because the class depends on too many dependencies. The total number of dependencies is: 8
forkassn3,de.hysky.skyblocker.skyblock.garden,FarmingHudWidget,Global State,The tool detected the smell in this class because the class declares global variables. The detected global variables are: FARMING_TOOLS; INSTANCE
forkassn3,de.hysky.skyblocker.skyblock.garden,FarmingHudWidget,Excessive Dependency,The tool detected the smell in this class because the class depends on too many dependencies. The total number of dependencies is: 8
forkassn3,de.hysky.skyblocker.skyblock.garden,FarmingHud,Global State,The tool detected the smell in this class because the class declares global variables. The detected global variables are: NUMBER_FORMAT
forkassn3,de.hysky.skyblocker.skyblock.garden,FarmingHud,Excessive Dependency,The tool detected the smell in this class because the class depends on too many dependencies. The total number of dependencies is: 8
forkassn3,de.hysky.skyblocker.skyblock.tabhud.widget,DungeonPlayerWidget,Global State,The tool detected the smell in this class because the class declares global variables. The detected global variables are: PLAYER_PATTERN
forkassn3,de.hysky.skyblocker.skyblock.tabhud.widget,MinionWidget,Global State,The tool detected the smell in this class because the class declares global variables. The detected global variables are: MINION_PATTERN
forkassn3,de.hysky.skyblocker.skyblock.tabhud.widget,JacobsContestWidget,Global State,The tool detected the smell in this class because the class declares global variables. The detected global variables are: FARM_DATA
forkassn3,de.hysky.skyblocker.skyblock.tabhud.widget.component,Component,Global State,The tool detected the smell in this class because the class declares global variables. The detected global variables are: PADDING_VERTICAL; PADDING_HORIZONTAL; PAD_S; PAD_L
forkassn3,de.hysky.skyblocker.skyblock.tabhud.widget.hud,HudCommsWidget,Global State,The tool detected the smell in this class because the class declares global variables. The detected global variables are: INSTANCE; INSTANCE_CFG
forkassn3,de.hysky.skyblocker.skyblock.tabhud.widget.hud,HudPowderWidget,Global State,The tool detected the smell in this class because the class declares global variables. The detected global variables are: INSTANCE; INSTANCE_CFG
forkassn3,de.hysky.skyblocker.skyblock.tabhud.util,ScreenConst,Global State,The tool detected the smell in this class because the class declares global variables. The detected global variables are: WIDGET_PAD; WIDGET_PAD_HALF
forkassn3,de.hysky.skyblocker.skyblock.tabhud.util,Ico,Global State,The tool detected the smell in this class because the class declares global variables. The detected global variables are: MAP; NTAG; EMERALD; MAGMA_CREAM; AMETHYST_SHARD; CLOCK; DIASWORD; DBUSH; VILLAGER; SPAWN_EGG; MOREGOLD; COMPASS; SUGAR; IRON_HOE; GOLDEN_HOE; GOLD; IRON; BONE; SIGN; FISH_ROD; STONE_SWORD; IRON_SWORD; LANTERN; COOKIE; POTION; S_POTION; BARRIER; PLAYER; WATER; LEATHER; MITHRIL; REDSTONE; FIRE; STRING; WITHER; FLESH; MUTTON; DRAGON; DIAMOND; ICE; CHEST; COMMAND; SKULL; BOOK; FURNACE; CHESTPLATE; L_CHESTPLATE; B_ROD; B_POWDER; BOW; COPPER; NETHERITE_UPGRADE_ST; COMPOSTER; SAPLING; SEEDS; MILESTONE; STONE_PICKAXE; IRON_PICKAXE; NETHER_STAR; HEART_OF_THE_SEA; EXPERIENCE_BOTTLE; PINK_DYE; LIME_DYE; GRAY_DYE; ENCHANTED_BOOK; SPIDER_EYE; BLUE_ICE; JUNGLE_SAPLING; ENCHANTING_TABLE; BREWING_STAND; CRAFTING_TABLE; PAINTING; E_PEARL; FEATHER; E_CHEST; MYCELIUM
forkassn3,de.hysky.skyblocker.skyblock.tabhud.util,PlayerListMgr,Global State,The tool detected the smell in this class because the class declares global variables. The detected global variables are: LOGGER
forkassn3,de.hysky.skyblocker.skyblock.tabhud,TabHud,Global State,The tool detected the smell in this class because the class declares global variables. The detected global variables are: toggleB; toggleA; defaultTgl; LOGGER
forkassn3,de.hysky.skyblocker.skyblock.itemlist,ItemStackBuilder,Global State,The tool detected the smell in this class because the class declares global variables. The detected global variables are: SKULL_UUID_PATTERN; SKULL_TEXTURE_PATTERN
forkassn3,de.hysky.skyblocker.skyblock.itemlist,ItemListWidget.TabContainerWidget,Global State,The tool detected the smell in this class because the class can be accessed as a `global` state.
forkassn3,de.hysky.skyblocker.skyblock.itemlist,UpcomingEventsTab.EventRenderer,Global State,The tool detected the smell in this class because the class can be accessed as a `global` state.
forkassn3,de.hysky.skyblocker.skyblock.fancybars,StatusBarsConfigScreen,Global State,The tool detected the smell in this class because the class declares global variables. The detected global variables are: RESIZE_CURSOR
forkassn3,de.hysky.skyblocker.skyblock.fancybars,FancyStatusBars,Global State,The tool detected the smell in this class because the class declares global variables. The detected global variables are: barPositioner; statusBars
forkassn3,de.hysky.skyblocker.skyblock.fancybars,FancyStatusBars,Excessive Dependency,The tool detected the smell in this class because the class depends on too many dependencies. The total number of dependencies is: 9
forkassn3,de.hysky.skyblocker.skyblock.fancybars,EditBarWidget.EnumCyclingOption,Global State,The tool detected the smell in this class because the class can be accessed as a `global` state.
forkassn3,de.hysky.skyblocker.skyblock.fancybars,EditBarWidget.BooleanOption,Global State,The tool detected the smell in this class because the class can be accessed as a `global` state.
forkassn3,de.hysky.skyblocker.skyblock.fancybars,EditBarWidget.ColorOption,Global State,The tool detected the smell in this class because the class can be accessed as a `global` state.
forkassn3,de.hysky.skyblocker.skyblock.dungeon.puzzle.waterboard,Waterboard,Global State,The tool detected the smell in this class because the class declares global variables. The detected global variables are: INSTANCE; WATER_LEVER
forkassn3,de.hysky.skyblocker.skyblock.dungeon.puzzle.waterboard,Waterboard,Excessive Dependency,The tool detected the smell in this class because the class depends on too many dependencies. The total number of dependencies is: 11
forkassn3,de.hysky.skyblocker.skyblock.dungeon.puzzle.waterboard,Waterboard.Result,Global State,The tool detected the smell in this class because the class can be accessed as a `global` state.
forkassn3,de.hysky.skyblocker.skyblock.dungeon.puzzle.waterboard,Cell,Global State,The tool detected the smell in this class because the class declares global variables. The detected global variables are: BLOCK; EMPTY
forkassn3,de.hysky.skyblocker.skyblock.dungeon.puzzle.waterboard,Cell.SwitchCell,Global State,The tool detected the smell in this class because the class can be accessed as a `global` state.
forkassn3,de.hysky.skyblocker.skyblock.dungeon.puzzle.boulder,BoulderSolver.GameState,Global State,The tool detected the smell in this class because the class can be accessed as a `global` state.
forkassn3,de.hysky.skyblocker.skyblock.dungeon.partyfinder,PartyEntry,Global State,The tool detected the smell in this class because the class declares global variables. The detected global variables are: JOIN_TEXT; DE_LIST_TEXT; YOUR_PARTY_TEXT
forkassn3,de.hysky.skyblocker.skyblock.dungeon.partyfinder,PartyEntry.Player,Global State,The tool detected the smell in this class because the class can be accessed as a `global` state.
forkassn3,de.hysky.skyblocker.skyblock.dungeon.partyfinder,PartyEntry.NoParties,Global State,The tool detected the smell in this class because the class can be accessed as a `global` state.
forkassn3,de.hysky.skyblocker.skyblock.dungeon.partyfinder,PartyEntry.YourParty,Global State,The tool detected the smell in this class because the class can be accessed as a `global` state.
forkassn3,de.hysky.skyblocker.skyblock.dungeon.partyfinder,PartyEntry.YourParty,Global State,The tool detected the smell in this class because the class declares global variables. The detected global variables are: DE_LIST_TEXT; YOUR_PARTY_TEXT
forkassn3,de.hysky.skyblocker.skyblock.dungeon.partyfinder,PartyEntryListWidget,Global State,The tool detected the smell in this class because the class declares global variables. The detected global variables are: BASE_SKULL_NBT
forkassn3,de.hysky.skyblocker.skyblock.dungeon.partyfinder,PartyFinderScreen,Global State,The tool detected the smell in this class because the class declares global variables. The detected global variables are: isInKuudraPartyFinder; DEBUG; possibleInventoryNames; floorIconsNormal; floorIconsMaster
forkassn3,de.hysky.skyblocker.skyblock.end,BeaconHighlighter,Global State,The tool detected the smell in this class because the class declares global variables. The detected global variables are: beaconPositions
forkassn3,de.hysky.skyblocker.skyblock.end,EndHudWidget,Global State,The tool detected the smell in this class because the class declares global variables. The detected global variables are: INSTANCE
forkassn3,de.hysky.skyblocker.skyblock.end,TheEnd,Global State,The tool detected the smell in this class because the class declares global variables. The detected global variables are: hitZealots; zealotsSinceLastEye; zealotsKilled; eyes; protectorLocations; currentProtectorLocation; stage
forkassn3,de.hysky.skyblocker.skyblock.end,EnderNodes.EnderNode,Global State,The tool detected the smell in this class because the class can be accessed as a `global` state.
forkassn3,de.hysky.skyblocker.skyblock.profileviewer,ProfileViewerScreen,Global State,The tool detected the smell in this class because the class declares global variables. The detected global variables are: LOGGER
forkassn3,de.hysky.skyblocker.skyblock.profileviewer,ProfileViewerScreen,Excessive Dependency,The tool detected the smell in this class because the class depends on too many dependencies. The total number of dependencies is: 9
forkassn3,de.hysky.skyblocker.skyblock.profileviewer.utils,LevelFinder.LevelInfo,Global State,The tool detected the smell in this class because the class can be accessed as a `global` state.
forkassn3,de.hysky.skyblocker.skyblock.profileviewer.utils,ProfileViewerUtils,Global State,The tool detected the smell in this class because the class declares global variables. The detected global variables are: COMMA_FORMATTER
forkassn3,de.hysky.skyblocker.skyblock.profileviewer.inventory,Pet,Excessive Dependency,The tool detected the smell in this class because the class depends on too many dependencies. The total number of dependencies is: 8
forkassn3,de.hysky.skyblocker.skyblock.profileviewer.dungeons,DungeonsPage,Global State,The tool detected the smell in this class because the class declares global variables. The detected global variables are: LOGGER
forkassn3,de.hysky.skyblocker.skyblock.item.tooltip.adders,BazaarPriceTooltip,Global State,The tool detected the smell in this class because the class declares global variables. The detected global variables are: bazaarExist
forkassn3,de.hysky.skyblocker.skyblock.item.tooltip.adders,LBinTooltip,Global State,The tool detected the smell in this class because the class declares global variables. The detected global variables are: lbinExist
forkassn3,de.hysky.skyblocker.skyblock.item.tooltip,CompactorDeletorPreview,Global State,The tool detected the smell in this class because the class declares global variables. The detected global variables are: NAME
forkassn3,de.hysky.skyblocker.skyblock.item.tooltip,ItemTooltip,Global State,The tool detected the smell in this class because the class declares global variables. The detected global variables are: config; minute
forkassn3,de.hysky.skyblocker.skyblock.item.slottext.adders,CatacombsLevelAdder.Dungeoneering,Global State,The tool detected the smell in this class because the class can be accessed as a `global` state.
forkassn3,de.hysky.skyblocker.skyblock.item.slottext.adders,CatacombsLevelAdder.DungeonClasses,Global State,The tool detected the smell in this class because the class can be accessed as a `global` state.
forkassn3,de.hysky.skyblocker.skyblock.item.slottext.adders,CatacombsLevelAdder.ReadyUp,Global State,The tool detected the smell in this class because the class can be accessed as a `global` state.
forkassn3,de.hysky.skyblocker.skyblock.chocolatefactory,ChocolateFactorySolver.Tooltip,Global State,The tool detected the smell in this class because the class can be accessed as a `global` state.
forkassn3,de.hysky.skyblocker.skyblock.chocolatefactory,EggFinder,Global State,The tool detected the smell in this class because the class declares global variables. The detected global variables are: entries
forkassn3,de.hysky.skyblocker.skyblock.chocolatefactory,EggFinder.EggType,Global State,The tool detected the smell in this class because the class declares global variables. The detected global variables are: entries
forkassn3,de.hysky.skyblocker.skyblock.experiment,ChronomatronSolver,Global State,The tool detected the smell in this class because the class declares global variables. The detected global variables are: TERRACOTTA_TO_GLASS
forkassn3,de.hysky.skyblocker.skyblock.experiment,UltrasequencerSolver,Global State,The tool detected the smell in this class because the class declares global variables. The detected global variables are: INSTANCE
forkassn3,de.hysky.skyblocker.skyblock.events,EventNotifications,Global State,The tool detected the smell in this class because the class declares global variables. The detected global variables are: JACOBS; DEFAULT_REMINDERS; eventIcons
